Date,IGLD.m
1/1/2000,74.383
1/2/2000,74.364
1/3/2000,74.311
1/4/2000,74.427
1/5/2000,74.385
1/6/2000,74.435
1/7/2000,74.468
1/8/2000,74.439
1/9/2000,74.425
1/10/2000,74.406
1/11/2000,74.526
1/12/2000,74.443
1/13/2000,74.363
1/14/2000,74.416
1/15/2000,74.393
1/16/2000,74.488
1/17/2000,74.378
1/18/2000,74.386
1/19/2000,74.397
1/20/2000,74.372
1/21/2000,74.403
1/22/2000,74.398
1/23/2000,74.41
1/24/2000,74.426
1/25/2000,74.37
1/26/2000,74.391
1/27/2000,74.403
1/28/2000,74.408
1/29/2000,74.391
1/30/2000,74.378
1/31/2000,74.439
2/1/2000,74.449
2/2/2000,74.418
2/3/2000,74.356
2/4/2000,74.36
2/5/2000,74.434
2/6/2000,74.411
2/7/2000,74.399
2/8/2000,74.367
2/9/2000,74.387
2/10/2000,74.294
2/11/2000,74.356
2/12/2000,74.347
2/13/2000,74.334
2/14/2000,74.332
2/15/2000,74.363
2/16/2000,74.383
2/17/2000,74.334
2/18/2000,74.302
2/19/2000,74.327
2/20/2000,74.38
2/21/2000,74.353
2/22/2000,74.342
2/23/2000,74.349
2/24/2000,74.331
2/25/2000,74.34
2/26/2000,74.366
2/27/2000,74.417
2/28/2000,74.454
2/29/2000,74.424
3/1/2000,74.44
3/2/2000,74.511
3/3/2000,74.477
3/4/2000,74.471
3/5/2000,74.484
3/6/2000,74.476
3/7/2000,74.472
3/8/2000,74.472
3/9/2000,74.483
3/10/2000,74.427
3/11/2000,74.456
3/12/2000,74.495
3/13/2000,74.499
3/14/2000,74.525
3/15/2000,74.521
3/16/2000,74.491
3/17/2000,74.442
3/18/2000,74.488
3/19/2000,74.52
3/20/2000,74.506
3/21/2000,74.503
3/22/2000,74.527
3/23/2000,74.546
3/24/2000,74.531
3/25/2000,74.551
3/26/2000,74.587
3/27/2000,74.538
3/28/2000,74.57
3/29/2000,74.629
3/30/2000,74.567
3/31/2000,74.55
4/1/2000,74.547
4/2/2000,74.543
4/3/2000,74.531
4/4/2000,74.603
4/5/2000,74.665
4/6/2000,74.615
4/7/2000,74.598
4/8/2000,74.588
4/9/2000,74.684
4/10/2000,74.737
4/11/2000,74.644
4/12/2000,74.71
4/13/2000,74.737
4/14/2000,74.757
4/15/2000,74.737
4/16/2000,74.689
4/17/2000,74.6
4/18/2000,74.68
4/19/2000,74.722
4/20/2000,74.687
4/21/2000,74.699
4/22/2000,74.755
4/23/2000,74.789
4/24/2000,74.817
4/25/2000,74.781
4/26/2000,74.785
4/27/2000,74.821
4/28/2000,74.836
4/29/2000,74.839
4/30/2000,74.84
5/1/2000,74.842
5/2/2000,74.843
5/3/2000,74.862
5/4/2000,74.866
5/5/2000,74.874
5/6/2000,74.884
5/7/2000,74.889
5/8/2000,74.866
5/9/2000,74.891
5/10/2000,74.904
5/11/2000,74.928
5/12/2000,74.916
5/13/2000,75.009
5/14/2000,75.051
5/15/2000,75.044
5/16/2000,75.037
5/17/2000,75.019
5/18/2000,75.058
5/19/2000,74.984
5/20/2000,75.024
5/21/2000,75.044
5/22/2000,75.04
5/23/2000,75.043
5/24/2000,75.078
5/25/2000,75.129
5/26/2000,75.13
5/27/2000,75.1
5/28/2000,75.064
5/29/2000,75.058
5/30/2000,75.073
5/31/2000,75.094
6/1/2000,75.089
6/2/2000,75.109
6/3/2000,75.098
6/4/2000,75.066
6/5/2000,75.034
6/6/2000,75.032
6/7/2000,75.077
6/8/2000,75.091
6/9/2000,75.054
6/10/2000,75.068
6/11/2000,75.021
6/12/2000,75.049
6/13/2000,75.06
6/14/2000,75.097
6/15/2000,75.147
6/16/2000,75.145
6/17/2000,75.159
6/18/2000,75.144
6/19/2000,75.151
6/20/2000,75.136
6/21/2000,75.164
6/22/2000,75.19
6/23/2000,75.179
6/24/2000,75.156
6/25/2000,75.197
6/26/2000,75.19
6/27/2000,75.213
6/28/2000,75.201
6/29/2000,75.186
6/30/2000,75.206
7/1/2000,75.191
7/2/2000,75.185
7/3/2000,75.167
7/4/2000,75.181
7/5/2000,75.16
7/6/2000,75.153
7/7/2000,75.131
7/8/2000,75.136
7/9/2000,75.139
7/10/2000,75.144
7/11/2000,75.121
7/12/2000,75.115
7/13/2000,75.103
7/14/2000,75.102
7/15/2000,75.077
7/16/2000,75.079
7/17/2000,75.096
7/18/2000,75.123
7/19/2000,75.084
7/20/2000,75.087
7/21/2000,75.097
7/22/2000,75.098
7/23/2000,75.08
7/24/2000,75.06
7/25/2000,75.039
7/26/2000,75.028
7/27/2000,75.009
7/28/2000,74.993
7/29/2000,74.977
7/30/2000,74.964
7/31/2000,74.963
8/1/2000,74.988
8/2/2000,75.004
8/3/2000,75.02
8/4/2000,75.001
8/5/2000,74.987
8/6/2000,74.978
8/7/2000,74.992
8/8/2000,74.985
8/9/2000,75.023
8/10/2000,74.982
8/11/2000,74.962
8/12/2000,74.939
8/13/2000,74.939
8/14/2000,74.929
8/15/2000,74.925
8/16/2000,74.957
8/17/2000,74.925
8/18/2000,74.927
8/19/2000,74.914
8/20/2000,74.882
8/21/2000,74.874
8/22/2000,74.853
8/23/2000,74.868
8/24/2000,74.866
8/25/2000,74.858
8/26/2000,74.854
8/27/2000,74.816
8/28/2000,74.776
8/29/2000,74.795
8/30/2000,74.796
8/31/2000,74.779
9/1/2000,74.773
9/2/2000,74.725
9/3/2000,74.726
9/4/2000,74.672
9/5/2000,74.674
9/6/2000,74.669
9/7/2000,74.683
9/8/2000,74.697
9/9/2000,74.663
9/10/2000,74.648
9/11/2000,74.694
9/12/2000,74.722
9/13/2000,74.703
9/14/2000,74.694
9/15/2000,74.693
9/16/2000,74.699
9/17/2000,74.744
9/18/2000,74.68
9/19/2000,74.666
9/20/2000,74.661
9/21/2000,74.772
9/22/2000,74.646
9/23/2000,74.655
9/24/2000,74.646
9/25/2000,74.615
9/26/2000,74.609
9/27/2000,74.619
9/28/2000,74.553
9/29/2000,74.572
9/30/2000,74.591
10/1/2000,74.572
10/2/2000,74.563
10/3/2000,74.584
10/4/2000,74.55
10/5/2000,74.518
10/6/2000,74.516
10/7/2000,74.532
10/8/2000,74.527
10/9/2000,74.516
10/10/2000,74.526
10/11/2000,74.543
10/12/2000,74.547
10/13/2000,74.529
10/14/2000,74.533
10/15/2000,74.46
10/16/2000,74.441
10/17/2000,74.458
10/18/2000,74.49
10/19/2000,74.48
10/20/2000,74.479
10/21/2000,74.468
10/22/2000,74.415
10/23/2000,74.429
10/24/2000,74.443
10/25/2000,74.427
10/26/2000,74.418
10/27/2000,74.423
10/28/2000,74.357
10/29/2000,74.362
10/30/2000,74.353
10/31/2000,74.356
11/1/2000,74.361
11/2/2000,74.355
11/3/2000,74.353
11/4/2000,74.367
11/5/2000,74.356
11/6/2000,74.349
11/7/2000,74.322
11/8/2000,74.317
11/9/2000,74.28
11/10/2000,74.353
11/11/2000,74.339
11/12/2000,74.313
11/13/2000,74.317
11/14/2000,74.369
11/15/2000,74.39
11/16/2000,74.388
11/17/2000,74.423
11/18/2000,74.365
11/19/2000,74.361
11/20/2000,74.377
11/21/2000,74.413
11/22/2000,74.346
11/23/2000,74.322
11/24/2000,74.301
11/25/2000,74.32
11/26/2000,74.296
11/27/2000,74.353
11/28/2000,74.37
11/29/2000,74.348
11/30/2000,74.346
12/1/2000,74.334
12/2/2000,74.332
12/3/2000,74.358
12/4/2000,74.369
12/5/2000,74.484
12/6/2000,74.352
12/7/2000,74.346
12/8/2000,74.266
12/9/2000,74.305
12/10/2000,74.351
12/11/2000,74.267
12/12/2000,74.342
12/13/2000,74.316
12/14/2000,74.301
12/15/2000,74.323
12/16/2000,74.307
12/17/2000,74.455
12/18/2000,74.506
12/19/2000,74.349
12/20/2000,74.401
12/21/2000,74.383
12/22/2000,74.462
12/23/2000,74.418
12/24/2000,74.465
12/25/2000,74.421
12/26/2000,74.428
12/27/2000,74.413
12/28/2000,74.412
12/29/2000,74.371
12/30/2000,74.35
12/31/2000,74.41
1/1/2001,74.401
1/2/2001,74.413
1/3/2001,74.449
1/4/2001,74.421
1/5/2001,74.433
1/6/2001,74.428
1/7/2001,74.38
1/8/2001,74.394
1/9/2001,74.421
1/10/2001,74.388
1/11/2001,74.44
1/12/2001,74.379
1/13/2001,74.391
1/14/2001,74.369
1/15/2001,74.347
1/16/2001,74.422
1/17/2001,74.384
1/18/2001,74.397
1/19/2001,74.391
1/20/2001,74.354
1/21/2001,74.398
1/22/2001,74.385
1/23/2001,74.405
1/24/2001,74.388
1/25/2001,74.38
1/26/2001,74.382
1/27/2001,74.389
1/28/2001,74.38
1/29/2001,74.378
1/30/2001,74.352
1/31/2001,74.375
2/1/2001,74.389
2/2/2001,74.419
2/3/2001,74.405
2/4/2001,74.392
2/5/2001,74.385
2/6/2001,74.401
2/7/2001,74.401
2/8/2001,74.362
2/9/2001,74.409
2/10/2001,74.51
2/11/2001,74.442
2/12/2001,74.423
2/13/2001,74.431
2/14/2001,74.443
2/15/2001,74.453
2/16/2001,74.455
2/17/2001,74.505
2/18/2001,74.504
2/19/2001,74.499
2/20/2001,74.475
2/21/2001,74.477
2/22/2001,74.433
2/23/2001,74.495
2/24/2001,74.424
2/25/2001,74.496
2/26/2001,74.538
2/27/2001,74.494
2/28/2001,74.487
3/1/2001,74.477
3/2/2001,74.47
3/3/2001,74.467
3/4/2001,74.437
3/5/2001,74.461
3/6/2001,74.487
3/7/2001,74.485
3/8/2001,74.486
3/9/2001,74.498
3/10/2001,74.514
3/11/2001,74.534
3/12/2001,74.454
3/13/2001,74.505
3/14/2001,74.572
3/15/2001,74.534
3/16/2001,74.489
3/17/2001,74.478
3/18/2001,74.528
3/19/2001,74.523
3/20/2001,74.508
3/21/2001,74.511
3/22/2001,74.516
3/23/2001,74.56
3/24/2001,74.609
3/25/2001,74.602
3/26/2001,74.59
3/27/2001,74.614
3/28/2001,74.591
3/29/2001,74.561
3/30/2001,74.532
3/31/2001,74.571
4/1/2001,74.572
4/2/2001,74.603
4/3/2001,74.612
4/4/2001,74.62
4/5/2001,74.619
4/6/2001,74.61
4/7/2001,74.596
4/8/2001,74.697
4/9/2001,74.682
4/10/2001,74.673
4/11/2001,74.663
4/12/2001,74.704
4/13/2001,74.784
4/14/2001,74.75
4/15/2001,74.736
4/16/2001,74.739
4/17/2001,74.736
4/18/2001,74.754
4/19/2001,74.778
4/20/2001,74.766
4/21/2001,74.762
4/22/2001,74.811
4/23/2001,74.774
4/24/2001,74.858
4/25/2001,74.814
4/26/2001,74.803
4/27/2001,74.81
4/28/2001,74.8
4/29/2001,74.806
4/30/2001,74.806
5/1/2001,74.8
5/2/2001,74.803
5/3/2001,74.81
5/4/2001,74.791
5/5/2001,74.787
5/6/2001,74.765
5/7/2001,74.77
5/8/2001,74.787
5/9/2001,74.79
5/10/2001,74.794
5/11/2001,74.787
5/12/2001,74.796
5/13/2001,74.801
5/14/2001,74.805
5/15/2001,74.783
5/16/2001,74.759
5/17/2001,74.774
5/18/2001,74.792
5/19/2001,74.792
5/20/2001,74.772
5/21/2001,74.759
5/22/2001,74.767
5/23/2001,74.813
5/24/2001,74.798
5/25/2001,74.793
5/26/2001,74.811
5/27/2001,74.826
5/28/2001,74.852
5/29/2001,74.877
5/30/2001,74.873
5/31/2001,74.873
6/1/2001,74.84
6/2/2001,74.87
6/3/2001,74.89
6/4/2001,74.922
6/5/2001,74.903
6/6/2001,74.891
6/7/2001,74.892
6/8/2001,74.891
6/9/2001,74.894
6/10/2001,74.889
6/11/2001,74.885
6/12/2001,74.89
6/13/2001,74.893
6/14/2001,74.883
6/15/2001,74.882
6/16/2001,74.905
6/17/2001,74.909
6/18/2001,74.902
6/19/2001,74.924
6/20/2001,74.903
6/21/2001,74.875
6/22/2001,74.929
6/23/2001,74.905
6/24/2001,74.904
6/25/2001,74.901
6/26/2001,74.9
6/27/2001,74.912
6/28/2001,74.889
6/29/2001,74.89
6/30/2001,74.921
7/1/2001,74.956
7/2/2001,74.936
7/3/2001,74.927
7/4/2001,74.926
7/5/2001,74.944
7/6/2001,74.927
7/7/2001,74.922
7/8/2001,74.915
7/9/2001,74.919
7/10/2001,74.909
7/11/2001,74.918
7/12/2001,74.917
7/13/2001,74.918
7/14/2001,74.899
7/15/2001,74.889
7/16/2001,74.881
7/17/2001,74.89
7/18/2001,74.856
7/19/2001,74.843
7/20/2001,74.85
7/21/2001,74.855
7/22/2001,74.86
7/23/2001,74.857
7/24/2001,74.88
7/25/2001,74.848
7/26/2001,74.769
7/27/2001,74.805
7/28/2001,74.788
7/29/2001,74.777
7/30/2001,74.781
7/31/2001,74.772
8/1/2001,74.764
8/2/2001,74.772
8/3/2001,74.766
8/4/2001,74.749
8/5/2001,74.754
8/6/2001,74.769
8/7/2001,74.777
8/8/2001,74.768
8/9/2001,74.776
8/10/2001,74.797
8/11/2001,74.739
8/12/2001,74.755
8/13/2001,74.738
8/14/2001,74.716
8/15/2001,74.708
8/16/2001,74.702
8/17/2001,74.776
8/18/2001,74.731
8/19/2001,74.687
8/20/2001,74.703
8/21/2001,74.716
8/22/2001,74.707
8/23/2001,74.683
8/24/2001,74.632
8/25/2001,74.641
8/26/2001,74.681
8/27/2001,74.654
8/28/2001,74.658
8/29/2001,74.628
8/30/2001,74.633
8/31/2001,74.659
9/1/2001,74.617
9/2/2001,74.603
9/3/2001,74.631
9/4/2001,74.616
9/5/2001,74.586
9/6/2001,74.587
9/7/2001,74.591
9/8/2001,74.592
9/9/2001,74.579
9/10/2001,74.616
9/11/2001,74.568
9/12/2001,74.558
9/13/2001,74.536
9/14/2001,74.498
9/15/2001,74.495
9/16/2001,74.495
9/17/2001,74.478
9/18/2001,74.456
9/19/2001,74.428
9/20/2001,74.481
9/21/2001,74.454
9/22/2001,74.479
9/23/2001,74.438
9/24/2001,74.444
9/25/2001,74.482
9/26/2001,74.492
9/27/2001,74.47
9/28/2001,74.451
9/29/2001,74.44
9/30/2001,74.438
10/1/2001,74.455
10/2/2001,74.456
10/3/2001,74.463
10/4/2001,74.481
10/5/2001,74.424
10/6/2001,74.493
10/7/2001,74.51
10/8/2001,74.481
10/9/2001,74.473
10/10/2001,74.467
10/11/2001,74.457
10/12/2001,74.392
10/13/2001,74.402
10/14/2001,74.422
10/15/2001,74.467
10/16/2001,74.412
10/17/2001,74.529
10/18/2001,74.452
10/19/2001,74.457
10/20/2001,74.443
10/21/2001,74.433
10/22/2001,74.4
10/23/2001,74.419
10/24/2001,74.402
10/25/2001,74.519
10/26/2001,74.61
10/27/2001,74.437
10/28/2001,74.41
10/29/2001,74.439
10/30/2001,74.375
10/31/2001,74.395
11/1/2001,74.419
11/2/2001,74.421
11/3/2001,74.415
11/4/2001,74.403
11/5/2001,74.379
11/6/2001,74.392
11/7/2001,74.383
11/8/2001,74.411
11/9/2001,74.4
11/10/2001,74.398
11/11/2001,74.377
11/12/2001,74.368
11/13/2001,74.383
11/14/2001,74.396
11/15/2001,74.384
11/16/2001,74.364
11/17/2001,74.337
11/18/2001,74.375
11/19/2001,74.39
11/20/2001,74.379
11/21/2001,74.386
11/22/2001,74.361
11/23/2001,74.349
11/24/2001,74.342
11/25/2001,74.384
11/26/2001,74.389
11/27/2001,74.32
11/28/2001,74.308
11/29/2001,74.315
11/30/2001,74.339
12/1/2001,74.457
12/2/2001,74.419
12/3/2001,74.429
12/4/2001,74.394
12/5/2001,74.404
12/6/2001,74.474
12/7/2001,74.423
12/8/2001,74.366
12/9/2001,74.392
12/10/2001,74.434
12/11/2001,74.397
12/12/2001,74.382
12/13/2001,74.435
12/14/2001,74.343
12/15/2001,74.389
12/16/2001,74.37
12/17/2001,74.391
12/18/2001,74.427
12/19/2001,74.422
12/20/2001,74.525
12/21/2001,74.445
12/22/2001,74.414
12/23/2001,74.439
12/24/2001,74.492
12/25/2001,74.52
12/26/2001,74.47
12/27/2001,74.478
12/28/2001,74.512
12/29/2001,74.505
12/30/2001,74.65
12/31/2001,74.589
1/1/2002,74.478
1/2/2002,74.518
1/3/2002,74.497
1/4/2002,74.507
1/5/2002,74.493
1/6/2002,74.474
1/7/2002,74.402
1/8/2002,74.503
1/9/2002,74.505
1/10/2002,74.492
1/11/2002,74.488
1/12/2002,74.488
1/13/2002,74.562
1/14/2002,74.405
1/15/2002,74.48
1/16/2002,74.475
1/17/2002,74.533
1/18/2002,74.533
1/19/2002,74.485
1/20/2002,74.531
1/21/2002,74.511
1/22/2002,74.496
1/23/2002,74.495
1/24/2002,74.455
1/25/2002,74.526
1/26/2002,74.535
1/27/2002,74.494
1/28/2002,74.489
1/29/2002,74.444
1/30/2002,74.43
1/31/2002,74.337
2/1/2002,74.558
2/2/2002,74.5
2/3/2002,74.584
2/4/2002,74.504
2/5/2002,74.584
2/6/2002,74.578
2/7/2002,74.61
2/8/2002,74.554
2/9/2002,74.502
2/10/2002,74.574
2/11/2002,74.51
2/12/2002,74.679
2/13/2002,74.595
2/14/2002,74.642
2/15/2002,74.623
2/16/2002,74.6
2/17/2002,74.6
2/18/2002,74.577
2/19/2002,74.586
2/20/2002,74.572
2/21/2002,74.618
2/22/2002,74.633
2/23/2002,74.616
2/24/2002,74.625
2/25/2002,74.63
2/26/2002,74.652
2/27/2002,74.717
2/28/2002,74.726
3/1/2002,74.726
3/2/2002,74.629
3/3/2002,74.741
3/4/2002,74.692
3/5/2002,74.69
3/6/2002,74.653
3/7/2002,74.638
3/8/2002,74.616
3/9/2002,74.661
3/10/2002,74.955
3/11/2002,74.71
3/12/2002,74.705
3/13/2002,74.679
3/14/2002,74.657
3/15/2002,74.597
3/16/2002,74.645
3/17/2002,74.616
3/18/2002,74.678
3/19/2002,74.655
3/20/2002,74.69
3/21/2002,74.719
3/22/2002,74.728
3/23/2002,74.774
3/24/2002,74.709
3/25/2002,74.638
3/26/2002,74.597
3/27/2002,74.717
3/28/2002,74.714
3/29/2002,74.69
3/30/2002,74.741
3/31/2002,74.727
4/1/2002,74.763
4/2/2002,74.725
4/3/2002,74.81
4/4/2002,74.815
4/5/2002,74.795
4/6/2002,74.784
4/7/2002,74.794
4/8/2002,74.797
4/9/2002,74.833
4/10/2002,74.816
4/11/2002,74.796
4/12/2002,74.824
4/13/2002,74.831
4/14/2002,74.846
4/15/2002,74.879
4/16/2002,74.897
4/17/2002,74.916
4/18/2002,74.92
4/19/2002,74.946
4/20/2002,74.923
4/21/2002,74.893
4/22/2002,74.87
4/23/2002,74.94
4/24/2002,74.925
4/25/2002,74.929
4/26/2002,74.93932
4/27/2002,74.94964
4/28/2002,74.95995
4/29/2002,74.97027
4/30/2002,74.98059
5/1/2002,74.99091
5/2/2002,75.00123
5/3/2002,75.01155
5/4/2002,75.02186
5/5/2002,75.03218
5/6/2002,75.0425
5/7/2002,75.05282
5/8/2002,75.06314
5/9/2002,75.07345
5/10/2002,75.08377
5/11/2002,75.09409
5/12/2002,75.10441
5/13/2002,75.11473
5/14/2002,75.12505
5/15/2002,75.13536
5/16/2002,75.156
5/17/2002,75.149
5/18/2002,75.119
5/19/2002,75.147
5/20/2002,75.159
5/21/2002,75.175
5/22/2002,75.175
5/23/2002,75.164
5/24/2002,75.173
5/25/2002,75.127
5/26/2002,75.192
5/27/2002,75.152
5/28/2002,75.143
5/29/2002,75.143
5/30/2002,75.162
5/31/2002,75.202
6/1/2002,75.226
6/2/2002,75.2
6/3/2002,75.175
6/4/2002,75.148
6/5/2002,75.18
6/6/2002,75.16
6/7/2002,75.162
6/8/2002,75.163
6/9/2002,75.163
6/10/2002,75.142
6/11/2002,75.155
6/12/2002,75.13
6/13/2002,75.146
6/14/2002,75.12
6/15/2002,75.164
6/16/2002,75.22
6/17/2002,75.238
6/18/2002,75.212
6/19/2002,75.192
6/20/2002,75.187
6/21/2002,75.197
6/22/2002,75.191
6/23/2002,75.2
6/24/2002,75.173
6/25/2002,75.174
6/26/2002,75.179
6/27/2002,75.182
6/28/2002,75.172
6/29/2002,75.16
6/30/2002,75.157
7/1/2002,75.162
7/2/2002,75.164
7/3/2002,75.156
7/4/2002,75.161
7/5/2002,75.123
7/6/2002,75.126
7/7/2002,75.139
7/8/2002,75.128
7/9/2002,75.113
7/10/2002,75.072
7/11/2002,75.075
7/12/2002,75.074
7/13/2002,75.066
7/14/2002,75.045
7/15/2002,75.041
7/16/2002,75.018
7/17/2002,75.027
7/18/2002,74.984
7/19/2002,74.976
7/20/2002,74.959
7/21/2002,74.957
7/22/2002,74.993
7/23/2002,74.976
7/24/2002,74.943
7/25/2002,74.922
7/26/2002,74.952
7/27/2002,74.949
7/28/2002,74.948
7/29/2002,74.94
7/30/2002,74.956
7/31/2002,74.934
8/1/2002,74.928
8/2/2002,74.935
8/3/2002,74.916
8/4/2002,74.899
8/5/2002,74.897
8/6/2002,74.828
8/7/2002,74.827
8/8/2002,74.814
8/9/2002,74.812
8/10/2002,74.803
8/11/2002,74.797
8/12/2002,74.784
8/13/2002,74.772
8/14/2002,74.763
8/15/2002,74.766
8/16/2002,74.785
8/17/2002,74.771
8/18/2002,74.8
8/19/2002,74.75
8/20/2002,74.748
8/21/2002,74.724
8/22/2002,74.732
8/23/2002,74.665
8/24/2002,74.678
8/25/2002,74.696
8/26/2002,74.681
8/27/2002,74.59
8/28/2002,74.584
8/29/2002,74.605
8/30/2002,74.61
8/31/2002,74.584
9/1/2002,74.59
9/2/2002,74.581
9/3/2002,74.601
9/4/2002,74.59
9/5/2002,74.541
9/6/2002,74.551
9/7/2002,74.545
9/8/2002,74.552
9/9/2002,74.542
9/10/2002,74.541
9/11/2002,74.512
9/12/2002,74.518
9/13/2002,74.559
9/14/2002,74.521
9/15/2002,74.51
9/16/2002,74.511
9/17/2002,74.509
9/18/2002,74.484
9/19/2002,74.492
9/20/2002,74.503
9/21/2002,74.502
9/22/2002,74.477
9/23/2002,74.469
9/24/2002,74.47
9/25/2002,74.447
9/26/2002,74.444
9/27/2002,74.425
9/28/2002,74.447
9/29/2002,74.447
9/30/2002,74.46
10/1/2002,74.476
10/2/2002,74.469
10/3/2002,74.396
10/4/2002,74.436
10/5/2002,74.504
10/6/2002,74.416
10/7/2002,74.517
10/8/2002,74.398
10/9/2002,74.394
10/10/2002,74.386
10/11/2002,74.353
10/12/2002,74.342
10/13/2002,74.409
10/14/2002,74.35
10/15/2002,74.349
10/16/2002,74.324
10/17/2002,74.352
10/18/2002,74.35
10/19/2002,74.439
10/20/2002,74.38
10/21/2002,74.347
10/22/2002,74.325
10/23/2002,74.327
10/24/2002,74.322
10/25/2002,74.29
10/26/2002,74.346
10/27/2002,74.334
10/28/2002,74.308
10/29/2002,74.249
10/30/2002,74.222
10/31/2002,74.276
11/1/2002,74.301
11/2/2002,74.265
11/3/2002,74.255
11/4/2002,74.301
11/5/2002,74.226
11/6/2002,74.264
11/7/2002,74.241
11/8/2002,74.301
11/9/2002,74.26
11/10/2002,74.257
11/11/2002,74.284
11/12/2002,74.254
11/13/2002,74.249
11/14/2002,74.268
11/15/2002,74.224
11/16/2002,74.094
11/17/2002,74.128
11/18/2002,74.25
11/19/2002,74.233
11/20/2002,74.253
11/21/2002,74.247
11/22/2002,74.198
11/23/2002,74.262
11/24/2002,74.28
11/25/2002,74.239
11/26/2002,74.212
11/27/2002,74.201
11/28/2002,74.246
11/29/2002,74.334
11/30/2002,74.297
12/1/2002,74.251
12/2/2002,74.246
12/3/2002,74.231
12/4/2002,74.222
12/5/2002,74.224
12/6/2002,74.271
12/7/2002,74.345
12/8/2002,74.263
12/9/2002,74.24
12/10/2002,74.247
12/11/2002,74.177
12/12/2002,74.192
12/13/2002,74.175
12/14/2002,74.139
12/15/2002,74.18
12/16/2002,74.138
12/17/2002,74.147
12/18/2002,74.13
12/19/2002,74.177
12/20/2002,74.234
12/21/2002,74.329
12/22/2002,74.31
12/23/2002,74.345
12/24/2002,74.226
12/25/2002,74.144
12/26/2002,74.222
12/27/2002,74.232
12/28/2002,74.252
12/29/2002,74.226
12/30/2002,74.161
12/31/2002,74.256
1/1/2003,74.144
1/2/2003,74.038
1/3/2003,74.096
1/4/2003,74.178
1/5/2003,74.206
1/6/2003,74.214
1/7/2003,74.251
1/8/2003,74.264
1/9/2003,74.185
1/10/2003,74.242
1/11/2003,74.316
1/12/2003,74.322
1/13/2003,74.376
1/14/2003,74.26
1/15/2003,74.272
1/16/2003,74.264
1/17/2003,74.237
1/18/2003,74.264
1/19/2003,74.286
1/20/2003,74.272
1/21/2003,74.214
1/22/2003,74.233
1/23/2003,74.208
1/24/2003,74.213
1/25/2003,74.245
1/26/2003,74.215
1/27/2003,74.184
1/28/2003,74.179
1/29/2003,74.192
1/30/2003,74.174
1/31/2003,74.161
2/1/2003,74.175
2/2/2003,74.213
2/3/2003,74.159
2/4/2003,74.251
2/5/2003,74.232
2/6/2003,74.211
2/7/2003,74.202
2/8/2003,74.239
2/9/2003,74.226
2/10/2003,74.209
2/11/2003,74.172
2/12/2003,74.207
2/13/2003,74.182
2/14/2003,74.182
2/15/2003,74.157
2/16/2003,74.123
2/17/2003,74.108
2/18/2003,74.142
2/19/2003,74.167
2/20/2003,74.164
2/21/2003,74.156
2/22/2003,74.106
2/23/2003,74.188
2/24/2003,74.162
2/25/2003,74.181
2/26/2003,74.169
2/27/2003,74.16
2/28/2003,74.165
3/1/2003,74.164
3/2/2003,74.203
3/3/2003,74.169
3/4/2003,74.172
3/5/2003,74.17
3/6/2003,74.16
3/7/2003,74.169
3/8/2003,74.175
3/9/2003,74.221
3/10/2003,74.211
3/11/2003,74.204
3/12/2003,74.203
3/13/2003,74.159
3/14/2003,74.165
3/15/2003,74.165
3/16/2003,74.17
3/17/2003,74.177
3/18/2003,74.167
3/19/2003,74.145
3/20/2003,74.185
3/21/2003,74.235
3/22/2003,74.277
3/23/2003,74.312
3/24/2003,74.317
3/25/2003,74.354
3/26/2003,74.388
3/27/2003,74.401
3/28/2003,74.39
3/29/2003,74.46
3/30/2003,74.458
3/31/2003,74.48
4/1/2003,74.469
4/2/2003,74.466
4/3/2003,74.434
4/4/2003,74.364
4/5/2003,74.55
4/6/2003,74.588
4/7/2003,74.511
4/8/2003,74.529
4/9/2003,74.575
4/10/2003,74.601
4/11/2003,74.598
4/12/2003,74.603
4/13/2003,74.611
4/14/2003,74.628
4/15/2003,74.657
4/16/2003,74.581
4/17/2003,74.511
4/18/2003,74.615
4/19/2003,74.63
4/20/2003,74.636
4/21/2003,74.659
4/22/2003,74.691
4/23/2003,74.705
4/24/2003,74.708
4/25/2003,74.679
4/26/2003,74.659
4/27/2003,74.697
4/28/2003,74.717
4/29/2003,74.722
4/30/2003,74.694
5/1/2003,74.701
5/2/2003,74.696
5/3/2003,74.712
5/4/2003,74.728
5/5/2003,74.714
5/6/2003,74.755
5/7/2003,74.765
5/8/2003,74.779
5/9/2003,74.761
5/10/2003,74.74
5/11/2003,74.757
5/12/2003,74.825
5/13/2003,74.859
5/14/2003,74.843
5/15/2003,74.81
5/16/2003,74.819
5/17/2003,74.838
5/18/2003,74.848
5/19/2003,74.853
5/20/2003,74.871
5/21/2003,74.874
5/22/2003,74.839
5/23/2003,74.858
5/24/2003,74.881
5/25/2003,74.916
5/26/2003,74.927
5/27/2003,74.943
5/28/2003,74.959
5/29/2003,74.968
5/30/2003,74.975
5/31/2003,74.94
6/1/2003,74.945
6/2/2003,74.993
6/3/2003,74.985
6/4/2003,74.964
6/5/2003,74.996
6/6/2003,75.013
6/7/2003,74.985
6/8/2003,74.977
6/9/2003,75.043
6/10/2003,74.998
6/11/2003,75.016
6/12/2003,74.985
6/13/2003,74.992
6/14/2003,75.034
6/15/2003,75.019
6/16/2003,75.004
6/17/2003,75.008
6/18/2003,75.023
6/19/2003,75.016
6/20/2003,75.001
6/21/2003,75.007
6/22/2003,75.012
6/23/2003,75.02
6/24/2003,75.011
6/25/2003,75.006
6/26/2003,74.996
6/27/2003,75.019
6/28/2003,74.985
6/29/2003,74.989
6/30/2003,75.006
7/1/2003,74.986
7/2/2003,74.965
7/3/2003,74.963
7/4/2003,74.962
7/5/2003,74.974
7/6/2003,74.967
7/7/2003,74.943
7/8/2003,74.975
7/9/2003,74.936
7/10/2003,74.903
7/11/2003,74.978
7/12/2003,75.035
7/13/2003,74.976
7/14/2003,74.944
7/15/2003,74.94
7/16/2003,74.994
7/17/2003,74.981
7/18/2003,74.957
7/19/2003,74.962
7/20/2003,74.946
7/21/2003,74.942
7/22/2003,74.928
7/23/2003,74.926
7/24/2003,74.928
7/25/2003,74.947
7/26/2003,74.962
7/27/2003,74.979
7/28/2003,74.944
7/29/2003,74.944
7/30/2003,74.928
7/31/2003,74.904
8/1/2003,74.904
8/2/2003,74.891
8/3/2003,74.89
8/4/2003,74.907
8/5/2003,74.9
8/6/2003,74.912
8/7/2003,74.902
8/8/2003,74.894
8/9/2003,74.88
8/10/2003,74.888
8/11/2003,74.884
8/12/2003,74.876
8/13/2003,74.896
8/14/2003,74.905
8/15/2003,74.89
8/16/2003,74.858
8/17/2003,74.823
8/18/2003,74.841
8/19/2003,74.855
8/20/2003,74.851
8/21/2003,74.842
8/22/2003,74.871
8/23/2003,74.835
8/24/2003,74.829
8/25/2003,74.836
8/26/2003,74.83
8/27/2003,74.83
8/28/2003,74.782
8/29/2003,74.813
8/30/2003,74.772
8/31/2003,74.761
9/1/2003,74.748
9/2/2003,74.717
9/3/2003,74.716
9/4/2003,74.732
9/5/2003,74.693
9/6/2003,74.697
9/7/2003,74.673
9/8/2003,74.632
9/9/2003,74.603
9/10/2003,74.624
9/11/2003,74.622
9/12/2003,74.606
9/13/2003,74.594
9/14/2003,74.593
9/15/2003,74.616
9/16/2003,74.629
9/17/2003,74.598
9/18/2003,74.567
9/19/2003,74.545
9/20/2003,74.617
9/21/2003,74.566
9/22/2003,74.552
9/23/2003,74.628
9/24/2003,74.592
9/25/2003,74.625
9/26/2003,74.548
9/27/2003,74.597
9/28/2003,74.598
9/29/2003,74.61
9/30/2003,74.615
10/1/2003,74.6
10/2/2003,74.605
10/3/2003,74.614
10/4/2003,74.641
10/5/2003,74.61
10/6/2003,74.563
10/7/2003,74.567
10/8/2003,74.554
10/9/2003,74.53
10/10/2003,74.507
10/11/2003,74.5
10/12/2003,74.513
10/13/2003,74.511
10/14/2003,74.492
10/15/2003,74.645
10/16/2003,74.595
10/17/2003,74.538
10/18/2003,74.513
10/19/2003,74.484
10/20/2003,74.5
10/21/2003,74.488
10/22/2003,74.464
10/23/2003,74.473
10/24/2003,74.473
10/25/2003,74.483
10/26/2003,74.475
10/27/2003,74.48
10/28/2003,74.479
10/29/2003,74.494
10/30/2003,74.506
10/31/2003,74.503
11/1/2003,74.515
11/2/2003,74.476
11/3/2003,74.477
11/4/2003,74.385
11/5/2003,74.521
11/6/2003,74.501
11/7/2003,74.574
11/8/2003,74.515
11/9/2003,74.513
11/10/2003,74.509
11/11/2003,74.52
11/12/2003,74.492
11/13/2003,74.725
11/14/2003,74.559
11/15/2003,74.508
11/16/2003,74.47
11/17/2003,74.462
11/18/2003,74.476
11/19/2003,74.549
11/20/2003,74.541
11/21/2003,74.545
11/22/2003,74.482
11/23/2003,74.5
11/24/2003,74.596
11/25/2003,74.597
11/26/2003,74.559
11/27/2003,74.517
11/28/2003,74.536
11/29/2003,74.714
11/30/2003,74.677
12/1/2003,74.694
12/2/2003,74.59
12/3/2003,74.601
12/4/2003,74.579
12/5/2003,74.502
12/6/2003,74.473
12/7/2003,74.505
12/8/2003,74.538
12/9/2003,74.516
12/10/2003,74.519
12/11/2003,74.618
12/12/2003,74.609
12/13/2003,74.563
12/14/2003,74.521
12/15/2003,74.588
12/16/2003,74.578
12/17/2003,74.638
12/18/2003,74.676
12/19/2003,74.625
12/20/2003,74.61
12/21/2003,74.683
12/22/2003,74.656
12/23/2003,74.617
12/24/2003,74.647
12/25/2003,74.66
12/26/2003,74.719
12/27/2003,74.656
12/28/2003,74.647
12/29/2003,74.66
12/30/2003,74.747
12/31/2003,74.728
1/1/2004,74.691
1/2/2004,74.649
1/3/2004,74.698
1/4/2004,74.691
1/5/2004,74.618
1/6/2004,74.75
1/7/2004,74.774
1/8/2004,74.669
1/9/2004,74.681
1/10/2004,74.709
1/11/2004,74.785
1/12/2004,74.723
1/13/2004,74.755
1/14/2004,74.703
1/15/2004,74.727
1/16/2004,74.77
1/17/2004,74.73
1/18/2004,74.773
1/19/2004,74.761
1/20/2004,74.751
1/21/2004,74.723
1/22/2004,74.764
1/23/2004,74.722
1/24/2004,74.714
1/25/2004,74.689
1/26/2004,74.616
1/27/2004,74.607
1/28/2004,74.715
1/29/2004,74.729
1/30/2004,74.73
1/31/2004,74.709
2/1/2004,74.683
2/2/2004,74.651
2/3/2004,74.66
2/4/2004,74.732
2/5/2004,74.669
2/6/2004,74.645
2/7/2004,74.686
2/8/2004,74.674
2/9/2004,74.66
2/10/2004,74.66
2/11/2004,74.646
2/12/2004,74.619
2/13/2004,74.684
2/14/2004,74.638
2/15/2004,74.599
2/16/2004,74.592
2/17/2004,74.577
2/18/2004,74.582
2/19/2004,74.578
2/20/2004,74.528
2/21/2004,74.594
2/22/2004,74.598
2/23/2004,74.558
2/24/2004,74.548
2/25/2004,74.551
2/26/2004,74.533
2/27/2004,74.534
2/28/2004,74.548
2/29/2004,74.537
3/1/2004,74.511
3/2/2004,74.536
3/3/2004,74.536
3/4/2004,74.533
3/5/2004,74.536
3/6/2004,74.602
3/7/2004,74.557
3/8/2004,74.58
3/9/2004,74.585
3/10/2004,74.592
3/11/2004,74.587
3/12/2004,74.674
3/13/2004,74.641
3/14/2004,74.616
3/15/2004,74.671
3/16/2004,74.514
3/17/2004,74.522
3/18/2004,74.579
3/19/2004,74.587
3/20/2004,74.597
3/21/2004,74.62
3/22/2004,74.6
3/23/2004,74.658
3/24/2004,74.583
3/25/2004,74.601
3/26/2004,74.608
3/27/2004,74.61
3/28/2004,74.594
3/29/2004,74.605
3/30/2004,74.629
3/31/2004,74.629
4/1/2004,74.563
4/2/2004,74.59
4/3/2004,74.666
4/4/2004,74.684
4/5/2004,74.708
4/6/2004,74.712
4/7/2004,74.722
4/8/2004,74.722
4/9/2004,74.731
4/10/2004,74.722
4/11/2004,74.703
4/12/2004,74.677
4/13/2004,74.665
4/14/2004,74.719
4/15/2004,74.724
4/16/2004,74.722
4/17/2004,74.746
4/18/2004,74.721
4/19/2004,74.805
4/20/2004,74.753
4/21/2004,74.767
4/22/2004,74.814
4/23/2004,74.761
4/24/2004,74.801
4/25/2004,74.746
4/26/2004,74.831
4/27/2004,74.854
4/28/2004,74.827
4/29/2004,74.842
4/30/2004,74.82
5/1/2004,74.82
5/2/2004,74.838
5/3/2004,74.884
5/4/2004,74.858
5/5/2004,74.862
5/6/2004,74.859
5/7/2004,74.851
5/8/2004,74.833
5/9/2004,74.847
5/10/2004,74.86
5/11/2004,74.879
5/12/2004,74.867
5/13/2004,74.866
5/14/2004,74.872
5/15/2004,74.9
5/16/2004,74.893
5/17/2004,74.875
5/18/2004,74.902
5/19/2004,74.882
5/20/2004,74.9
5/21/2004,74.872
5/22/2004,74.86
5/23/2004,74.879
5/24/2004,74.919
5/25/2004,74.945
5/26/2004,74.967
5/27/2004,74.968
5/28/2004,75.001
5/29/2004,75.008
5/30/2004,74.988
5/31/2004,74.961
6/1/2004,75.023
6/2/2004,75.017
6/3/2004,75.023
6/4/2004,75.016
6/5/2004,75.005
6/6/2004,75.004
6/7/2004,75.015
6/8/2004,75.014
6/9/2004,75.034
6/10/2004,75.009
6/11/2004,75.01
6/12/2004,74.988
6/13/2004,74.982
6/14/2004,75.013
6/15/2004,75.018
6/16/2004,74.992
6/17/2004,74.982
6/18/2004,75
6/19/2004,75.029
6/20/2004,75.017
6/21/2004,75.004
6/22/2004,75.001
6/23/2004,75.001
6/24/2004,74.999
6/25/2004,74.987
6/26/2004,75
6/27/2004,75.01
6/28/2004,74.983
6/29/2004,74.994
6/30/2004,74.977
7/1/2004,74.976
7/2/2004,74.97
7/3/2004,74.951
7/4/2004,74.93
7/5/2004,74.996
7/6/2004,74.96
7/7/2004,74.942
7/8/2004,74.982
7/9/2004,74.983
7/10/2004,74.971
7/11/2004,74.949
7/12/2004,74.929
7/13/2004,74.934
7/14/2004,74.939
7/15/2004,74.975
7/16/2004,74.978
7/17/2004,74.961
7/18/2004,74.943
7/19/2004,74.957
7/20/2004,74.959
7/21/2004,74.951
7/22/2004,74.953
7/23/2004,74.945
7/24/2004,74.901
7/25/2004,74.891
7/26/2004,74.884
7/27/2004,74.875
7/28/2004,74.906
7/29/2004,74.911
7/30/2004,74.907
7/31/2004,74.96
8/1/2004,74.968
8/2/2004,74.955
8/3/2004,74.961
8/4/2004,74.95
8/5/2004,74.922
8/6/2004,74.912
8/7/2004,74.913
8/8/2004,74.901
8/9/2004,74.907
8/10/2004,74.908
8/11/2004,74.914
8/12/2004,74.9
8/13/2004,74.885
8/14/2004,74.88
8/15/2004,74.869
8/16/2004,74.864
8/17/2004,74.856
8/18/2004,74.857
8/19/2004,74.886
8/20/2004,74.85
8/21/2004,74.837
8/22/2004,74.822
8/23/2004,74.824
8/24/2004,74.751
8/25/2004,74.757
8/26/2004,74.778
8/27/2004,74.774
8/28/2004,74.767
8/29/2004,74.765
8/30/2004,74.756
8/31/2004,74.784
9/1/2004,74.771
9/2/2004,74.738
9/3/2004,74.771
9/4/2004,74.746
9/5/2004,74.718
9/6/2004,74.748
9/7/2004,74.761
9/8/2004,74.666
9/9/2004,74.733
9/10/2004,74.833
9/11/2004,74.833
9/12/2004,74.845
9/13/2004,74.805
9/14/2004,74.817
9/15/2004,74.845
9/16/2004,74.845
9/17/2004,74.825
9/18/2004,74.749
9/19/2004,74.75
9/20/2004,74.761
9/21/2004,74.767
9/22/2004,74.768
9/23/2004,74.746
9/24/2004,74.738
9/25/2004,74.765
9/26/2004,74.743
9/27/2004,74.73
9/28/2004,74.688
9/29/2004,74.647
9/30/2004,74.66
10/1/2004,74.656
10/2/2004,74.688
10/3/2004,74.651
10/4/2004,74.661
10/5/2004,74.622
10/6/2004,74.662
10/7/2004,74.627
10/8/2004,74.605
10/9/2004,74.653
10/10/2004,74.579
10/11/2004,74.543
10/12/2004,74.546
10/13/2004,74.523
10/14/2004,74.505
10/15/2004,74.5
10/16/2004,74.592
10/17/2004,74.655
10/18/2004,74.534
10/19/2004,74.422
10/20/2004,74.432
10/21/2004,74.442
10/22/2004,74.434
10/23/2004,74.422
10/24/2004,74.427
10/25/2004,74.426
10/26/2004,74.428
10/27/2004,74.395
10/28/2004,74.38
10/29/2004,74.365
10/30/2004,74.408
10/31/2004,74.482
11/1/2004,74.406
11/2/2004,74.385
11/3/2004,74.389
11/4/2004,74.405
11/5/2004,74.487
11/6/2004,74.495
11/7/2004,74.432
11/8/2004,74.389
11/9/2004,74.363
11/10/2004,74.407
11/11/2004,74.383
11/12/2004,74.312
11/13/2004,74.302
11/14/2004,74.348
11/15/2004,74.344
11/16/2004,74.321
11/17/2004,74.313
11/18/2004,74.315
11/19/2004,74.284
11/20/2004,74.256
11/21/2004,74.318
11/22/2004,74.316
11/23/2004,74.308
11/24/2004,74.257
11/25/2004,74.329
11/26/2004,74.317
11/27/2004,74.317
11/28/2004,74.422
11/29/2004,74.333
11/30/2004,74.335
12/1/2004,74.384
12/2/2004,74.384
12/3/2004,74.394
12/4/2004,74.434
12/5/2004,74.374
12/6/2004,74.28
12/7/2004,74.295
12/8/2004,74.482
12/9/2004,74.34
12/10/2004,74.292
12/11/2004,74.369
12/12/2004,74.4
12/13/2004,74.426
12/14/2004,74.405
12/15/2004,74.424
12/16/2004,74.497
12/17/2004,74.46
12/18/2004,74.441
12/19/2004,74.438
12/20/2004,74.391
12/21/2004,74.415
12/22/2004,74.437
12/23/2004,74.465
12/24/2004,74.457
12/25/2004,74.439
12/26/2004,74.344
12/27/2004,74.409
12/28/2004,74.478
12/29/2004,74.463
12/30/2004,74.419
12/31/2004,74.53
1/1/2005,74.497
1/2/2005,74.482
1/3/2005,74.531
1/4/2005,74.53
1/5/2005,74.492
1/6/2005,74.497
1/7/2005,74.587
1/8/2005,74.553
1/9/2005,74.574
1/10/2005,74.651
1/11/2005,74.519
1/12/2005,74.526
1/13/2005,74.642
1/14/2005,74.677
1/15/2005,74.68
1/16/2005,74.622
1/17/2005,74.629
1/18/2005,74.637
1/19/2005,74.712
1/20/2005,74.668
1/21/2005,74.654
1/22/2005,74.573
1/23/2005,74.632
1/24/2005,74.71
1/25/2005,74.661
1/26/2005,74.621
1/27/2005,74.673
1/28/2005,74.679
1/29/2005,74.68
1/30/2005,74.681
1/31/2005,74.677
2/1/2005,74.684
2/2/2005,74.673
2/3/2005,74.679
2/4/2005,74.682
2/5/2005,74.671
2/6/2005,74.656
2/7/2005,74.662
2/8/2005,74.677
2/9/2005,74.653
2/10/2005,74.678
2/11/2005,74.701
2/12/2005,74.712
2/13/2005,74.669
2/14/2005,74.677
2/15/2005,74.725
2/16/2005,74.728
2/17/2005,74.75
2/18/2005,74.758
2/19/2005,74.765
2/20/2005,74.692
2/21/2005,74.724
2/22/2005,74.735
2/23/2005,74.734
2/24/2005,74.699
2/25/2005,74.716
2/26/2005,74.723
2/27/2005,74.705
2/28/2005,74.668
3/1/2005,74.683
3/2/2005,74.734
3/3/2005,74.724
3/4/2005,74.723
3/5/2005,74.73
3/6/2005,74.744
3/7/2005,74.681
3/8/2005,74.708
3/9/2005,74.719
3/10/2005,74.702
3/11/2005,74.691
3/12/2005,74.683
3/13/2005,74.7
3/14/2005,74.71
3/15/2005,74.719
3/16/2005,74.707
3/17/2005,74.673
3/18/2005,74.675
3/19/2005,74.649
3/20/2005,74.636
3/21/2005,74.671
3/22/2005,74.673
3/23/2005,74.612
3/24/2005,74.644
3/25/2005,74.651
3/26/2005,74.637
3/27/2005,74.645
3/28/2005,74.636
3/29/2005,74.644
3/30/2005,74.643
3/31/2005,74.658
4/1/2005,74.738
4/2/2005,74.615
4/3/2005,74.728
4/4/2005,74.851
4/5/2005,74.858
4/6/2005,74.844
4/7/2005,74.866
4/8/2005,74.876
4/9/2005,74.867
4/10/2005,74.871
4/11/2005,74.846
4/12/2005,74.857
4/13/2005,74.877
4/14/2005,74.858
4/15/2005,74.866
4/16/2005,74.886
4/17/2005,74.896
4/18/2005,74.888
4/19/2005,74.892
4/20/2005,74.874
4/21/2005,74.891
4/22/2005,74.876
4/23/2005,74.851
4/24/2005,74.908
4/25/2005,74.961
4/26/2005,74.942
4/27/2005,74.971
4/28/2005,75.026
4/29/2005,75.014
4/30/2005,74.983
5/1/2005,75.034
5/2/2005,75.054
5/3/2005,75.051
5/4/2005,75.029
5/5/2005,75.003
5/6/2005,74.985
5/7/2005,74.98
5/8/2005,74.974
5/9/2005,74.972
5/10/2005,74.975
5/11/2005,74.985
5/12/2005,74.925
5/13/2005,74.928
5/14/2005,74.94
5/15/2005,74.974
5/16/2005,74.997
5/17/2005,74.978
5/18/2005,74.967
5/19/2005,74.942
5/20/2005,74.928
5/21/2005,74.925
5/22/2005,74.911
5/23/2005,74.897
5/24/2005,74.861
5/25/2005,74.875
5/26/2005,74.89
5/27/2005,74.904
5/28/2005,74.925
5/29/2005,74.933
5/30/2005,74.924
5/31/2005,74.918
6/1/2005,74.905
6/2/2005,74.896
6/3/2005,74.894
6/4/2005,74.894
6/5/2005,74.881
6/6/2005,74.905
6/7/2005,74.917
6/8/2005,74.873
6/9/2005,74.863
6/10/2005,74.874
6/11/2005,74.878
6/12/2005,74.878
6/13/2005,74.874
6/14/2005,74.898
6/15/2005,74.921
6/16/2005,74.924
6/17/2005,74.93
6/18/2005,74.887
6/19/2005,74.883
6/20/2005,74.897
6/21/2005,74.912
6/22/2005,74.871
6/23/2005,74.888
6/24/2005,74.904
6/25/2005,74.897
6/26/2005,74.882
6/27/2005,74.868
6/28/2005,74.871
6/29/2005,74.88
6/30/2005,74.862
7/1/2005,74.895
7/2/2005,74.872
7/3/2005,74.849
7/4/2005,74.86
7/5/2005,74.861
7/6/2005,74.802
7/7/2005,74.79
7/8/2005,74.796
7/9/2005,74.836
7/10/2005,74.844
7/11/2005,74.833
7/12/2005,74.826
7/13/2005,74.811
7/14/2005,74.803
7/15/2005,74.782
7/16/2005,74.792
7/17/2005,74.805
7/18/2005,74.828
7/19/2005,74.847
7/20/2005,74.828
7/21/2005,74.828
7/22/2005,74.823
7/23/2005,74.802
7/24/2005,74.789
7/25/2005,74.824
7/26/2005,74.818
7/27/2005,74.796
7/28/2005,74.79
7/29/2005,74.808
7/30/2005,74.759
7/31/2005,74.749
8/1/2005,74.762
8/2/2005,74.773
8/3/2005,74.765
8/4/2005,74.759
8/5/2005,74.785
8/6/2005,74.753
8/7/2005,74.753
8/8/2005,74.742
8/9/2005,74.739
8/10/2005,74.738
8/11/2005,74.721
8/12/2005,74.703
8/13/2005,74.715
8/14/2005,74.687
8/15/2005,74.685
8/16/2005,74.684
8/17/2005,74.65
8/18/2005,74.596
8/19/2005,74.616
8/20/2005,74.681
8/21/2005,74.66
8/22/2005,74.648
8/23/2005,74.622
8/24/2005,74.618
8/25/2005,74.623
8/26/2005,74.599
8/27/2005,74.601
8/28/2005,74.626
8/29/2005,74.598
8/30/2005,74.579
8/31/2005,74.576
9/1/2005,74.652
9/2/2005,74.679
9/3/2005,74.647
9/4/2005,74.61
9/5/2005,74.608
9/6/2005,74.609
9/7/2005,74.607
9/8/2005,74.607
9/9/2005,74.584
9/10/2005,74.55
9/11/2005,74.564
9/12/2005,74.581
9/13/2005,74.561
9/14/2005,74.554
9/15/2005,74.551
9/16/2005,74.501
9/17/2005,74.549
9/18/2005,74.549
9/19/2005,74.55
9/20/2005,74.614
9/21/2005,74.58
9/22/2005,74.579
9/23/2005,74.533
9/24/2005,74.481
9/25/2005,74.545
9/26/2005,74.593
9/27/2005,74.556
9/28/2005,74.545
9/29/2005,74.654
9/30/2005,74.558
10/1/2005,74.561
10/2/2005,74.53
10/3/2005,74.521
10/4/2005,74.515
10/5/2005,74.509
10/6/2005,74.509
10/7/2005,74.459
10/8/2005,74.36
10/9/2005,74.388
10/10/2005,74.428
10/11/2005,74.401
10/12/2005,74.393
10/13/2005,74.424
10/14/2005,74.465
10/15/2005,74.499
10/16/2005,74.509
10/17/2005,74.495
10/18/2005,74.528
10/19/2005,74.513
10/20/2005,74.491
10/21/2005,74.453
10/22/2005,74.396
10/23/2005,74.437
10/24/2005,74.412
10/25/2005,74.34
10/26/2005,74.433
10/27/2005,74.45
10/28/2005,74.447
10/29/2005,74.461
10/30/2005,74.484
10/31/2005,74.476
11/1/2005,74.481
11/2/2005,74.466
11/3/2005,74.499
11/4/2005,74.418
11/5/2005,74.428
11/6/2005,74.466
11/7/2005,74.554
11/8/2005,74.448
11/9/2005,74.419
11/10/2005,74.532
11/11/2005,74.472
11/12/2005,74.459
11/13/2005,74.479
11/14/2005,74.511
11/15/2005,74.388
11/16/2005,74.542
11/17/2005,74.577
11/18/2005,74.487
11/19/2005,74.507
11/20/2005,74.511
11/21/2005,74.503
11/22/2005,74.446
11/23/2005,74.441
11/24/2005,74.507
11/25/2005,74.499
11/26/2005,74.445
11/27/2005,74.37
11/28/2005,74.395
11/29/2005,74.443
11/30/2005,74.492
12/1/2005,74.452
12/2/2005,74.539
12/3/2005,74.525
12/4/2005,74.494
12/5/2005,74.5
12/6/2005,74.487
12/7/2005,74.464
12/8/2005,74.431
12/9/2005,74.464
12/10/2005,74.522
12/11/2005,74.469
12/12/2005,74.408
12/13/2005,74.386
12/14/2005,74.347
12/15/2005,74.309
12/16/2005,74.414
12/17/2005,74.462
12/18/2005,74.449
12/19/2005,74.491
12/20/2005,74.491
12/21/2005,74.432
12/22/2005,74.438
12/23/2005,74.426
12/24/2005,74.387
12/25/2005,74.355
12/26/2005,74.37
12/27/2005,74.385
12/28/2005,74.356
12/29/2005,74.356
12/30/2005,74.366
12/31/2005,74.322
1/1/2006,74.381
1/2/2006,74.355
1/3/2006,74.333
1/4/2006,74.396
1/5/2006,74.454
1/6/2006,74.426
1/7/2006,74.44
1/8/2006,74.437
1/9/2006,74.455
1/10/2006,74.458
1/11/2006,74.473
1/12/2006,74.488
1/13/2006,74.47
1/14/2006,74.461
1/15/2006,74.437
1/16/2006,74.47
1/17/2006,74.431
1/18/2006,74.652
1/19/2006,74.605
1/20/2006,74.578
1/21/2006,74.572
1/22/2006,74.556
1/23/2006,74.596
1/24/2006,74.621
1/25/2006,74.635
1/26/2006,74.611
1/27/2006,74.632
1/28/2006,74.643
1/29/2006,74.562
1/30/2006,74.609
1/31/2006,74.647
2/1/2006,74.608
2/2/2006,74.659
2/3/2006,74.693
2/4/2006,74.617
2/5/2006,74.794
2/6/2006,74.872
2/7/2006,74.765
2/8/2006,74.738
2/9/2006,74.742
2/10/2006,74.716
2/11/2006,74.715
2/12/2006,74.708
2/13/2006,74.787
2/14/2006,74.784
2/15/2006,74.764
2/16/2006,74.647
2/17/2006,74.851
2/18/2006,74.779
2/19/2006,74.82
2/20/2006,74.814
2/21/2006,74.784
2/22/2006,74.735
2/23/2006,74.746
2/24/2006,74.755
2/25/2006,74.686
2/26/2006,74.722
2/27/2006,74.699
2/28/2006,74.727
3/1/2006,74.691
3/2/2006,74.68
3/3/2006,74.685
3/4/2006,74.692
3/5/2006,74.682
3/6/2006,74.647
3/7/2006,74.633
3/8/2006,74.616
3/9/2006,74.615
3/10/2006,74.664
3/11/2006,74.641
3/12/2006,74.645
3/13/2006,74.641
3/14/2006,74.823
3/15/2006,74.761
3/16/2006,74.7
3/17/2006,74.685
3/18/2006,74.703
3/19/2006,74.69
3/20/2006,74.654
3/21/2006,74.69
3/22/2006,74.694
3/23/2006,74.688
3/24/2006,74.676
3/25/2006,74.675
3/26/2006,74.679
3/27/2006,74.675
3/28/2006,74.662
3/29/2006,74.665
3/30/2006,74.649
3/31/2006,74.64
4/1/2006,74.691
4/2/2006,74.657
4/3/2006,74.632
4/4/2006,74.741
4/5/2006,74.707
4/6/2006,74.699
4/7/2006,74.667
4/8/2006,74.667
4/9/2006,74.688
4/10/2006,74.687
4/11/2006,74.667
4/12/2006,74.667
4/13/2006,74.721
4/14/2006,74.664
4/15/2006,74.714
4/16/2006,74.69
4/17/2006,74.663
4/18/2006,74.664
4/19/2006,74.67
4/20/2006,74.669
4/21/2006,74.623
4/22/2006,74.633
4/23/2006,74.656
4/24/2006,74.711
4/25/2006,74.724
4/26/2006,74.747
4/27/2006,74.69
4/28/2006,74.685
4/29/2006,74.686
4/30/2006,74.67
5/1/2006,74.668
5/2/2006,74.646
5/3/2006,74.665
5/4/2006,74.683
5/5/2006,74.703
5/6/2006,74.695
5/7/2006,74.663
5/8/2006,74.666
5/9/2006,74.665
5/10/2006,74.652
5/11/2006,74.615
5/12/2006,74.669
5/13/2006,74.662
5/14/2006,74.644
5/15/2006,74.676
5/16/2006,74.704
5/17/2006,74.735
5/18/2006,74.723
5/19/2006,74.749
5/20/2006,74.784
5/21/2006,74.793
5/22/2006,74.766
5/23/2006,74.76
5/24/2006,74.753
5/25/2006,74.737
5/26/2006,74.732
5/27/2006,74.742
5/28/2006,74.732
5/29/2006,74.736
5/30/2006,74.732
5/31/2006,74.745
6/1/2006,74.74
6/2/2006,74.742
6/3/2006,74.728
6/4/2006,74.718
6/5/2006,74.753
6/6/2006,74.752
6/7/2006,74.747
6/8/2006,74.738
6/9/2006,74.762
6/10/2006,74.77
6/11/2006,74.776
6/12/2006,74.776
6/13/2006,74.772
6/14/2006,74.761
6/15/2006,74.764
6/16/2006,74.763
6/17/2006,74.769
6/18/2006,74.756
6/19/2006,74.775
6/20/2006,74.785
6/21/2006,74.765
6/22/2006,74.781
6/23/2006,74.758
6/24/2006,74.749
6/25/2006,74.738
6/26/2006,74.729
6/27/2006,74.763
6/28/2006,74.783
6/29/2006,74.801
6/30/2006,74.81
7/1/2006,74.819
7/2/2006,74.867
7/3/2006,74.828
7/4/2006,74.846
7/5/2006,74.863
7/6/2006,74.849
7/7/2006,74.85
7/8/2006,74.844
7/9/2006,74.833
7/10/2006,74.829
7/11/2006,74.857
7/12/2006,74.827
7/13/2006,74.859
7/14/2006,74.866
7/15/2006,74.894
7/16/2006,74.89
7/17/2006,74.908
7/18/2006,74.899
7/19/2006,74.867
7/20/2006,74.888
7/21/2006,74.889
7/22/2006,74.834
7/23/2006,74.872
7/24/2006,74.87
7/25/2006,74.906
7/26/2006,74.876
7/27/2006,74.885
7/28/2006,74.896
7/29/2006,74.926
7/30/2006,74.906
7/31/2006,74.925
8/1/2006,74.948
8/2/2006,74.951
8/3/2006,74.937
8/4/2006,74.95
8/5/2006,74.917
8/6/2006,74.911
8/7/2006,74.945
8/8/2006,74.878
8/9/2006,74.88
8/10/2006,74.861
8/11/2006,74.822
8/12/2006,74.818
8/13/2006,74.826
8/14/2006,74.838
8/15/2006,74.855
8/16/2006,74.821
8/17/2006,74.803
8/18/2006,74.802
8/19/2006,74.791
8/20/2006,74.781
8/21/2006,74.785
8/22/2006,74.787
8/23/2006,74.756
8/24/2006,74.737
8/25/2006,74.693
8/26/2006,74.687
8/27/2006,74.736
8/28/2006,74.697
8/29/2006,74.687
8/30/2006,74.645
8/31/2006,74.638
9/1/2006,74.621
9/2/2006,74.578
9/3/2006,74.642
9/4/2006,74.684
9/5/2006,74.673
9/6/2006,74.657
9/7/2006,74.657
9/8/2006,74.683
9/9/2006,74.672
9/10/2006,74.632
9/11/2006,74.594
9/12/2006,74.589
9/13/2006,74.638
9/14/2006,74.645
9/15/2006,74.638
9/16/2006,74.645
9/17/2006,74.639
9/18/2006,74.656
9/19/2006,74.685
9/20/2006,74.686
9/21/2006,74.682
9/22/2006,74.658
9/23/2006,74.662
9/24/2006,74.698
9/25/2006,74.673
9/26/2006,74.659
9/27/2006,74.656
9/28/2006,74.662
9/29/2006,74.642
9/30/2006,74.626
10/1/2006,74.644
10/2/2006,74.62
10/3/2006,74.626
10/4/2006,74.606
10/5/2006,74.565
10/6/2006,74.549
10/7/2006,74.563
10/8/2006,74.566
10/9/2006,74.569
10/10/2006,74.508
10/11/2006,74.548
10/12/2006,74.64
10/13/2006,74.627
10/14/2006,74.634
10/15/2006,74.605
10/16/2006,74.562
10/17/2006,74.565
10/18/2006,74.624
10/19/2006,74.607
10/20/2006,74.581
10/21/2006,74.597
10/22/2006,74.579
10/23/2006,74.683
10/24/2006,74.649
10/25/2006,74.634
10/26/2006,74.622
10/27/2006,74.584
10/28/2006,74.682
10/29/2006,74.87
10/30/2006,74.701
10/31/2006,74.677
11/1/2006,74.674
11/2/2006,74.678
11/3/2006,74.683
11/4/2006,74.652
11/5/2006,74.638
11/6/2006,74.626
11/7/2006,74.621
11/8/2006,74.612
11/9/2006,74.632
11/10/2006,74.617
11/11/2006,74.55
11/12/2006,74.53
11/13/2006,74.562
11/14/2006,74.604
11/15/2006,74.589
11/16/2006,74.575
11/17/2006,74.711
11/18/2006,74.646
11/19/2006,74.634
11/20/2006,74.639
11/21/2006,74.641
11/22/2006,74.619
11/23/2006,74.621
11/24/2006,74.608
11/25/2006,74.619
11/26/2006,74.628
11/27/2006,74.603
11/28/2006,74.539
11/29/2006,74.6
11/30/2006,74.613
12/1/2006,74.571
12/2/2006,74.789
12/3/2006,74.738
12/4/2006,74.703
12/5/2006,74.698
12/6/2006,74.711
12/7/2006,74.733
12/8/2006,74.755
12/9/2006,74.777
12/10/2006,74.74
12/11/2006,74.654
12/12/2006,74.62
12/13/2006,74.684
12/14/2006,74.665
12/15/2006,74.69
12/16/2006,74.67
12/17/2006,74.686
12/18/2006,74.676
12/19/2006,74.675
12/20/2006,74.717
12/21/2006,74.68
12/22/2006,74.611
12/23/2006,74.728
12/24/2006,74.761
12/25/2006,74.689
12/26/2006,74.684
12/27/2006,74.701
12/28/2006,74.703
12/29/2006,74.641
12/30/2006,74.693
12/31/2006,74.684
1/1/2007,74.774
1/2/2007,74.775
1/3/2007,74.796
1/4/2007,74.775
1/5/2007,74.765
1/6/2007,74.816
1/7/2007,74.792
1/8/2007,74.886
1/9/2007,74.884
1/10/2007,74.853
1/11/2007,74.859
1/12/2007,74.875
1/13/2007,74.813
1/14/2007,74.82
1/15/2007,74.774
1/16/2007,74.86
1/17/2007,74.869
1/18/2007,74.939
1/19/2007,74.956
1/20/2007,74.903
1/21/2007,74.857
1/22/2007,74.844
1/23/2007,74.91
1/24/2007,74.875
1/25/2007,74.866
1/26/2007,74.807
1/27/2007,74.764
1/28/2007,74.78
1/29/2007,74.795
1/30/2007,74.762
1/31/2007,74.817
2/1/2007,74.879
2/2/2007,74.877
2/3/2007,74.928
2/4/2007,74.915
2/5/2007,74.874
2/6/2007,74.846
2/7/2007,74.845
2/8/2007,74.844
2/9/2007,74.887
2/10/2007,74.888
2/11/2007,74.916
2/12/2007,74.891
2/13/2007,74.85
2/14/2007,74.839
2/15/2007,74.888
2/16/2007,74.892
2/17/2007,74.882
2/18/2007,74.872
2/19/2007,74.839
2/20/2007,74.85
2/21/2007,74.84
2/22/2007,74.835
2/23/2007,74.836
2/24/2007,74.827
2/25/2007,74.797
2/26/2007,74.763
2/27/2007,74.727
2/28/2007,74.737
3/1/2007,74.74
3/2/2007,74.728
3/3/2007,74.68
3/4/2007,74.685
3/5/2007,74.683
3/6/2007,74.656
3/7/2007,74.657
3/8/2007,74.646
3/9/2007,74.638
3/10/2007,74.655
3/11/2007,74.659
3/12/2007,74.649
3/13/2007,74.637
3/14/2007,74.644
3/15/2007,74.646
3/16/2007,74.619
3/17/2007,74.653
3/18/2007,74.693
3/19/2007,74.687
3/20/2007,74.706
3/21/2007,74.674
3/22/2007,74.724
3/23/2007,74.708
3/24/2007,74.682
3/25/2007,74.689
3/26/2007,74.723
3/27/2007,74.746
3/28/2007,74.731
3/29/2007,74.74
3/30/2007,74.755
3/31/2007,74.736
4/1/2007,74.73
4/2/2007,74.785
4/3/2007,74.762
4/4/2007,74.72
4/5/2007,74.75
4/6/2007,74.801
4/7/2007,74.802
4/8/2007,74.837
4/9/2007,74.813
4/10/2007,74.8
4/11/2007,74.738
4/12/2007,74.757
4/13/2007,74.84
4/14/2007,74.853
4/15/2007,74.8
4/16/2007,74.783
4/17/2007,74.822
4/18/2007,74.83
4/19/2007,74.86
4/20/2007,74.89
4/21/2007,74.9
4/22/2007,74.899
4/23/2007,74.913
4/24/2007,74.919
4/25/2007,74.908
4/26/2007,74.882
4/27/2007,74.908
4/28/2007,74.94
4/29/2007,74.936
4/30/2007,74.954
5/1/2007,74.917
5/2/2007,74.922
5/3/2007,74.919
5/4/2007,74.919
5/5/2007,74.897
5/6/2007,74.893
5/7/2007,74.891
5/8/2007,74.903
5/9/2007,74.893
5/10/2007,74.889
5/11/2007,74.894
5/12/2007,74.857
5/13/2007,74.874
5/14/2007,74.874
5/15/2007,74.877
5/16/2007,74.86
5/17/2007,74.869
5/18/2007,74.878
5/19/2007,74.899
5/20/2007,74.9
5/21/2007,74.903
5/22/2007,74.883
5/23/2007,74.878
5/24/2007,74.884
5/25/2007,74.888
5/26/2007,74.893
5/27/2007,74.879
5/28/2007,74.903
5/29/2007,74.894
5/30/2007,74.894
5/31/2007,74.885
6/1/2007,74.881
6/2/2007,74.871
6/3/2007,74.852
6/4/2007,74.863
6/5/2007,74.928
6/6/2007,74.906
6/7/2007,74.877
6/8/2007,74.893
6/9/2007,74.896
6/10/2007,74.884
6/11/2007,74.878
6/12/2007,74.87
6/13/2007,74.836
6/14/2007,74.839
6/15/2007,74.843
6/16/2007,74.848
6/17/2007,74.846
6/18/2007,74.815
6/19/2007,74.838
6/20/2007,74.873
6/21/2007,74.849
6/22/2007,74.836
6/23/2007,74.834
6/24/2007,74.83
6/25/2007,74.826
6/26/2007,74.817
6/27/2007,74.817
6/28/2007,74.807
6/29/2007,74.798
6/30/2007,74.776
7/1/2007,74.77
7/2/2007,74.763
7/3/2007,74.748
7/4/2007,74.747
7/5/2007,74.746
7/6/2007,74.746
7/7/2007,74.74
7/8/2007,74.735
7/9/2007,74.755
7/10/2007,74.739
7/11/2007,74.773
7/12/2007,74.765
7/13/2007,74.785
7/14/2007,74.756
7/15/2007,74.788
7/16/2007,74.758
7/17/2007,74.738
7/18/2007,74.735
7/19/2007,74.729
7/20/2007,74.748
7/21/2007,74.735
7/22/2007,74.725
7/23/2007,74.717
7/24/2007,74.729
7/25/2007,74.708
7/26/2007,74.703
7/27/2007,74.706
7/28/2007,74.705
7/29/2007,74.681
7/30/2007,74.681
7/31/2007,74.682
8/1/2007,74.674
8/2/2007,74.676
8/3/2007,74.688
8/4/2007,74.663
8/5/2007,74.628
8/6/2007,74.671
8/7/2007,74.643
8/8/2007,74.654
8/9/2007,74.594
8/10/2007,74.611
8/11/2007,74.615
8/12/2007,74.627
8/13/2007,74.613
8/14/2007,74.582
8/15/2007,74.632
8/16/2007,74.624
8/17/2007,74.607
8/18/2007,74.581
8/19/2007,74.554
8/20/2007,74.515
8/21/2007,74.504
8/22/2007,74.51
8/23/2007,74.525
8/24/2007,74.535
8/25/2007,74.55
8/26/2007,74.534
8/27/2007,74.508
8/28/2007,74.506
8/29/2007,74.518
8/30/2007,74.493
8/31/2007,74.486
9/1/2007,74.466
9/2/2007,74.48
9/3/2007,74.505
9/4/2007,74.457
9/5/2007,74.432
9/6/2007,74.457
9/7/2007,74.48
9/8/2007,74.479
9/9/2007,74.411
9/10/2007,74.427
9/11/2007,74.465
9/12/2007,74.482
9/13/2007,74.449
9/14/2007,74.5
9/15/2007,74.464
9/16/2007,74.444
9/17/2007,74.427
9/18/2007,74.409
9/19/2007,74.416
9/20/2007,74.398
9/21/2007,74.382
9/22/2007,74.428
9/23/2007,74.393
9/24/2007,74.377
9/25/2007,74.383
9/26/2007,74.392
9/27/2007,74.385
9/28/2007,74.396
9/29/2007,74.375
9/30/2007,74.365
10/1/2007,74.378
10/2/2007,74.361
10/3/2007,74.378
10/4/2007,74.341
10/5/2007,74.328
10/6/2007,74.327
10/7/2007,74.294
10/8/2007,74.334
10/9/2007,74.285
10/10/2007,74.298
10/11/2007,74.295
10/12/2007,74.294
10/13/2007,74.328
10/14/2007,74.308
10/15/2007,74.301
10/16/2007,74.254
10/17/2007,74.255
10/18/2007,74.247
10/19/2007,74.277
10/20/2007,74.338
10/21/2007,74.299
10/22/2007,74.278
10/23/2007,74.279
10/24/2007,74.264
10/25/2007,74.227
10/26/2007,74.236
10/27/2007,74.332
10/28/2007,74.272
10/29/2007,74.298
10/30/2007,74.261
10/31/2007,74.287
11/1/2007,74.2575
11/2/2007,74.228
11/3/2007,74.235
11/4/2007,74.227
11/5/2007,74.236
11/6/2007,74.33
11/7/2007,74.252
11/8/2007,74.203
11/9/2007,74.173
11/10/2007,74.147
11/11/2007,74.163
11/12/2007,74.183
11/13/2007,74.187
11/14/2007,74.214
11/15/2007,74.176
11/16/2007,74.178
11/17/2007,74.174
11/18/2007,74.116
11/19/2007,74.137
11/20/2007,74.174
11/21/2007,74.063
11/22/2007,74.076
11/23/2007,74.156
11/24/2007,74.189
11/25/2007,74.254
11/26/2007,74.165
11/27/2007,74.221
11/28/2007,74.124
11/29/2007,74.298
11/30/2007,74.259
12/1/2007,74.145
12/2/2007,74.092
12/3/2007,74.24
12/4/2007,74.206
12/5/2007,74.181
12/6/2007,74.201
12/7/2007,74.196
12/8/2007,74.199
12/9/2007,74.123
12/10/2007,74.142
12/11/2007,74.161
12/12/2007,74.195
12/13/2007,74.12
12/14/2007,74.227
12/15/2007,74.091
12/16/2007,74.037
12/17/2007,74.198
12/18/2007,74.195
12/19/2007,74.206
12/20/2007,74.207
12/21/2007,74.197
12/22/2007,74.229
12/23/2007,74.286
12/24/2007,74.403
12/25/2007,74.324
12/26/2007,74.268
12/27/2007,74.274
12/28/2007,74.267
12/29/2007,74.387
12/30/2007,74.313
12/31/2007,74.327
1/1/2008,74.287
1/2/2008,74.312
1/3/2008,74.331
1/4/2008,74.428
1/5/2008,74.375
1/6/2008,74.363
1/7/2008,74.378
1/8/2008,74.395
1/9/2008,74.556
1/10/2008,74.42
1/11/2008,74.442
1/12/2008,74.468
1/13/2008,74.388
1/14/2008,74.432
1/15/2008,74.454
1/16/2008,74.476
1/17/2008,74.493
1/18/2008,74.602
1/19/2008,74.571
1/20/2008,74.533
1/21/2008,74.535
1/22/2008,74.576
1/23/2008,74.555
1/24/2008,74.515
1/25/2008,74.563
1/26/2008,74.517
1/27/2008,74.508
1/28/2008,74.5
1/29/2008,74.503
1/30/2008,74.695
1/31/2008,74.549
2/1/2008,74.461
2/2/2008,74.552
2/3/2008,74.528
2/4/2008,74.493
2/5/2008,74.537
2/6/2008,74.468
2/7/2008,74.548
2/8/2008,74.585
2/9/2008,74.584
2/10/2008,74.68
2/11/2008,74.645
2/12/2008,74.576
2/13/2008,74.642
2/14/2008,74.622
2/15/2008,74.647
2/16/2008,74.609
2/17/2008,74.611
2/18/2008,74.659
2/19/2008,74.699
2/20/2008,74.678
2/21/2008,74.656
2/22/2008,74.637
2/23/2008,74.644
2/24/2008,74.654
2/25/2008,74.656
2/26/2008,74.63
2/27/2008,74.651
2/28/2008,74.644
2/29/2008,74.612
3/1/2008,74.683
3/2/2008,74.627
3/3/2008,74.639
3/4/2008,74.629
3/5/2008,74.646
3/6/2008,74.661
3/7/2008,74.651
3/8/2008,74.615
3/9/2008,74.742
3/10/2008,74.697
3/11/2008,74.706
3/12/2008,74.718
3/13/2008,74.67
3/14/2008,74.695
3/15/2008,74.711
3/16/2008,74.71
3/17/2008,74.694
3/18/2008,74.681
3/19/2008,74.731
3/20/2008,74.79
3/21/2008,74.778
3/22/2008,74.779
3/23/2008,74.762
3/24/2008,74.762
3/25/2008,74.782
3/26/2008,74.805
3/27/2008,74.793
3/28/2008,74.783
3/29/2008,74.783
3/30/2008,74.768
3/31/2008,74.804
4/1/2008,74.883
4/2/2008,74.882
4/3/2008,74.862
4/4/2008,74.853
4/5/2008,74.896
4/6/2008,74.878
4/7/2008,74.883
4/8/2008,74.921
4/9/2008,74.953
4/10/2008,74.988
4/11/2008,74.922
4/12/2008,75.018
4/13/2008,75.063
4/14/2008,75.093
4/15/2008,75.106
4/16/2008,75.1
4/17/2008,75.099
4/18/2008,75.104
4/19/2008,75.086
4/20/2008,75.096
4/21/2008,75.104
4/22/2008,75.117
4/23/2008,75.146
4/24/2008,75.149
4/25/2008,75.132
4/26/2008,75.14
4/27/2008,75.151
4/28/2008,75.182
4/29/2008,75.192
4/30/2008,75.189
5/1/2008,75.157
5/2/2008,75.119
5/3/2008,75.152
5/4/2008,75.217
5/5/2008,75.177
5/6/2008,75.201
5/7/2008,75.162
5/8/2008,75.205
5/9/2008,75.149
5/10/2008,75.166
5/11/2008,75.139
5/12/2008,75.14
5/13/2008,75.147
5/14/2008,75.135
5/15/2008,75.152
5/16/2008,75.129
5/17/2008,75.144
5/18/2008,75.15
5/19/2008,75.221
5/20/2008,75.154
5/21/2008,75.165
5/22/2008,75.149
5/23/2008,75.139
5/24/2008,75.13
5/25/2008,75.107
5/26/2008,75.099
5/27/2008,75.089
5/28/2008,75.088
5/29/2008,75.111
5/30/2008,75.054
5/31/2008,75.081
6/1/2008,75.097
6/2/2008,75.078
6/3/2008,75.044
6/4/2008,75.006
6/5/2008,75.01
6/6/2008,75.037
6/7/2008,75.054
6/8/2008,75.056
6/9/2008,75.052
6/10/2008,75.059
6/11/2008,75.068
6/12/2008,75.027
6/13/2008,75.021
6/14/2008,75.049
6/15/2008,75.041
6/16/2008,75.043
6/17/2008,75.073
6/18/2008,75.054
6/19/2008,75.059
6/20/2008,75.039
6/21/2008,75.02
6/22/2008,75.02
6/23/2008,75.014
6/24/2008,75.016
6/25/2008,75.008
6/26/2008,75.005
6/27/2008,75.001
6/28/2008,74.992
6/29/2008,75.02
6/30/2008,75.03
7/1/2008,75.022
7/2/2008,75.024
7/3/2008,75.036
7/4/2008,75.01
7/5/2008,75.002
7/6/2008,74.989
7/7/2008,74.984
7/8/2008,74.976
7/9/2008,74.995
7/10/2008,74.997
7/11/2008,74.955
7/12/2008,74.96
7/13/2008,74.99
7/14/2008,74.996
7/15/2008,74.968
7/16/2008,74.967
7/17/2008,74.95
7/18/2008,74.955
7/19/2008,74.952
7/20/2008,74.956
7/21/2008,74.966
7/22/2008,74.961
7/23/2008,74.954
7/24/2008,74.996
7/25/2008,75.008
7/26/2008,75.009
7/27/2008,75.01
7/28/2008,75.014
7/29/2008,75.006
7/30/2008,74.994
7/31/2008,75.018
8/1/2008,75.01
8/2/2008,74.992
8/3/2008,74.984
8/4/2008,74.978
8/5/2008,74.958
8/6/2008,74.982
8/7/2008,74.967
8/8/2008,74.968
8/9/2008,74.961
8/10/2008,74.97
8/11/2008,74.961
8/12/2008,74.959
8/13/2008,74.959
8/14/2008,74.95
8/15/2008,74.939
8/16/2008,74.952
8/17/2008,74.942
8/18/2008,74.958
8/19/2008,74.9
8/20/2008,74.906
8/21/2008,74.892
8/22/2008,74.878
8/23/2008,74.879
8/24/2008,74.881
8/25/2008,74.846
8/26/2008,74.816
8/27/2008,74.795
8/28/2008,74.786
8/29/2008,74.8
8/30/2008,74.803
8/31/2008,74.778
9/1/2008,74.764
9/2/2008,74.76
9/3/2008,74.763
9/4/2008,74.743
9/5/2008,74.757
9/6/2008,74.739
9/7/2008,74.717
9/8/2008,74.736
9/9/2008,74.724
9/10/2008,74.694
9/11/2008,74.674
9/12/2008,74.709
9/13/2008,74.662
9/14/2008,74.683
9/15/2008,74.694
9/16/2008,74.682
9/17/2008,74.702
9/18/2008,74.63
9/19/2008,74.637
9/20/2008,74.655
9/21/2008,74.588
9/22/2008,74.57
9/23/2008,74.567
9/24/2008,74.561
9/25/2008,74.553
9/26/2008,74.518
9/27/2008,74.516
9/28/2008,74.519
9/29/2008,74.51
9/30/2008,74.519
10/1/2008,74.526
10/2/2008,74.549
10/3/2008,74.561
10/4/2008,74.546
10/5/2008,74.533
10/6/2008,74.499
10/7/2008,74.487
10/8/2008,74.486
10/9/2008,74.546
10/10/2008,74.5
10/11/2008,74.473
10/12/2008,74.456
10/13/2008,74.466
10/14/2008,74.482
10/15/2008,74.441
10/16/2008,74.45
10/17/2008,74.421
10/18/2008,74.407
10/19/2008,74.407
10/20/2008,74.414
10/21/2008,74.429
10/22/2008,74.368
10/23/2008,74.368
10/24/2008,74.396
10/25/2008,74.429
10/26/2008,74.449
10/27/2008,74.443
10/28/2008,74.413
10/29/2008,74.448
10/30/2008,74.436
10/31/2008,74.457
11/1/2008,74.374
11/2/2008,74.352
11/3/2008,74.403
11/4/2008,74.39
11/5/2008,74.381
11/6/2008,74.36
11/7/2008,74.351
11/8/2008,74.384
11/9/2008,74.417
11/10/2008,74.436
11/11/2008,74.385
11/12/2008,74.34
11/13/2008,74.375
11/14/2008,74.365
11/15/2008,74.352
11/16/2008,74.469
11/17/2008,74.394
11/18/2008,74.352
11/19/2008,74.348
11/20/2008,74.347
11/21/2008,74.355
11/22/2008,74.352
11/23/2008,74.345
11/24/2008,74.338
11/25/2008,74.361
11/26/2008,74.407
11/27/2008,74.4
11/28/2008,74.425
11/29/2008,74.374
11/30/2008,74.309
12/1/2008,74.434
12/2/2008,74.477
12/3/2008,74.438
12/4/2008,74.454
12/5/2008,74.425
12/6/2008,74.412
12/7/2008,74.433
12/8/2008,74.336
12/9/2008,74.399
12/10/2008,74.367
12/11/2008,74.336
12/12/2008,74.365
12/13/2008,74.364
12/14/2008,74.427
12/15/2008,74.489
12/16/2008,74.397
12/17/2008,74.389
12/18/2008,74.415
12/19/2008,74.228
12/20/2008,74.318
12/21/2008,74.423
12/22/2008,74.496
12/23/2008,74.46
12/24/2008,74.53
12/25/2008,74.549
12/26/2008,74.476
12/27/2008,74.523
12/28/2008,74.692
12/29/2008,74.597
12/30/2008,74.653
12/31/2008,74.536
1/1/2009,74.579
1/2/2009,74.624
1/3/2009,74.623
1/4/2009,74.587
1/5/2009,74.651
1/6/2009,74.615
1/7/2009,74.591
1/8/2009,74.695
1/9/2009,74.656
1/10/2009,74.608
1/11/2009,74.624
1/12/2009,74.652
1/13/2009,74.707
1/14/2009,74.647
1/15/2009,74.651
1/16/2009,74.678
1/17/2009,74.684
1/18/2009,74.66
1/19/2009,74.666
1/20/2009,74.672
1/21/2009,74.702
1/22/2009,74.701
1/23/2009,74.693
1/24/2009,74.689
1/25/2009,74.702
1/26/2009,74.679
1/27/2009,74.654
1/28/2009,74.645
1/29/2009,74.688
1/30/2009,74.696
1/31/2009,74.671
2/1/2009,74.672
2/2/2009,74.659
2/3/2009,74.616
2/4/2009,74.639
2/5/2009,74.644
2/6/2009,74.635
2/7/2009,74.632
2/8/2009,74.659
2/9/2009,74.612
2/10/2009,74.603
2/11/2009,74.615
2/12/2009,74.712
2/13/2009,74.698
2/14/2009,74.708
2/15/2009,74.713
2/16/2009,74.71
2/17/2009,74.704
2/18/2009,74.692
2/19/2009,74.773
2/20/2009,74.777
2/21/2009,74.723
2/22/2009,74.739
2/23/2009,74.748
2/24/2009,74.713
2/25/2009,74.693
2/26/2009,74.7
2/27/2009,74.719
2/28/2009,74.695
3/1/2009,74.707
3/2/2009,74.682
3/3/2009,74.707
3/4/2009,74.706
3/5/2009,74.683
3/6/2009,74.716
3/7/2009,74.689
3/8/2009,74.699
3/9/2009,74.694
3/10/2009,74.72
3/11/2009,74.869
3/12/2009,74.801
3/13/2009,74.789
3/14/2009,74.804
3/15/2009,74.793
3/16/2009,74.778
3/17/2009,74.793
3/18/2009,74.826
3/19/2009,74.815
3/20/2009,74.794
3/21/2009,74.81
3/22/2009,74.803
3/23/2009,74.781
3/24/2009,74.774
3/25/2009,74.769
3/26/2009,74.791
3/27/2009,74.808
3/28/2009,74.794
3/29/2009,74.784
3/30/2009,74.882
3/31/2009,74.801
4/1/2009,74.825
4/2/2009,74.834
4/3/2009,74.827
4/4/2009,75.043
4/5/2009,74.957
4/6/2009,74.885
4/7/2009,75.038
4/8/2009,75.057
4/9/2009,75.04
4/10/2009,74.978
4/11/2009,74.949
4/12/2009,74.97
4/13/2009,74.978
4/14/2009,74.939
4/15/2009,74.934
4/16/2009,74.965
4/17/2009,74.999
4/18/2009,74.974
4/19/2009,74.935
4/20/2009,74.904
4/21/2009,74.974
4/22/2009,75.002
4/23/2009,75.043
4/24/2009,74.99
4/25/2009,75.017
4/26/2009,74.969
4/27/2009,74.995
4/28/2009,75.005
4/29/2009,74.993
4/30/2009,74.992
5/1/2009,75.072
5/2/2009,75.046
5/3/2009,75.036
5/4/2009,75.026
5/5/2009,75.002
5/6/2009,74.998
5/7/2009,75.016
5/8/2009,75.028
5/9/2009,75.051
5/10/2009,75.073
5/11/2009,75.058
5/12/2009,75.05
5/13/2009,75.03
5/14/2009,75.08
5/15/2009,75.048
5/16/2009,75.055
5/17/2009,75.093
5/18/2009,75.056
5/19/2009,75.061
5/20/2009,75.042
5/21/2009,75.055
5/22/2009,75.04
5/23/2009,75.026
5/24/2009,75.041
5/25/2009,75.008
5/26/2009,74.976
5/27/2009,74.999
5/28/2009,75.006
5/29/2009,75.074
5/30/2009,75.082
5/31/2009,75.102
6/1/2009,75.056
6/2/2009,75.054
6/3/2009,75.061
6/4/2009,75.046
6/5/2009,75.034
6/6/2009,75.05
6/7/2009,75.016
6/8/2009,74.988
6/9/2009,75.021
6/10/2009,75.012
6/11/2009,74.994
6/12/2009,74.999
6/13/2009,74.994
6/14/2009,74.992
6/15/2009,74.986
6/16/2009,74.971
6/17/2009,74.954
6/18/2009,74.962
6/19/2009,74.983
6/20/2009,74.972
6/21/2009,75.002
6/22/2009,74.975
6/23/2009,74.984
6/24/2009,74.987
6/25/2009,75
6/26/2009,74.999
6/27/2009,74.998
6/28/2009,74.991
6/29/2009,75.002
6/30/2009,74.996
7/1/2009,74.997
7/2/2009,75.002
7/3/2009,75.042
7/4/2009,75.054
7/5/2009,75.041
7/6/2009,75.032
7/7/2009,75.027
7/8/2009,75.015
7/9/2009,74.99
7/10/2009,74.988
7/11/2009,75.021
7/12/2009,75.022
7/13/2009,75.014
7/14/2009,75.006
7/15/2009,74.982
7/16/2009,74.986
7/17/2009,74.974
7/18/2009,74.998
7/19/2009,74.99
7/20/2009,74.959
7/21/2009,74.936
7/22/2009,74.928
7/23/2009,74.918
7/24/2009,74.972
7/25/2009,74.949
7/26/2009,74.973
7/27/2009,74.996
7/28/2009,74.972
7/29/2009,74.968
7/30/2009,74.974
7/31/2009,74.972
8/1/2009,74.958
8/2/2009,74.969
8/3/2009,74.951
8/4/2009,74.963
8/5/2009,74.964
8/6/2009,74.951
8/7/2009,74.931
8/8/2009,74.909
8/9/2009,74.914
8/10/2009,74.933
8/11/2009,74.931
8/12/2009,74.911
8/13/2009,74.906
8/14/2009,74.903
8/15/2009,74.895
8/16/2009,74.886
8/17/2009,74.881
8/18/2009,74.89
8/19/2009,74.877
8/20/2009,74.853
8/21/2009,74.886
8/22/2009,74.871
8/23/2009,74.85
8/24/2009,74.858
8/25/2009,74.861
8/26/2009,74.86
8/27/2009,74.81
8/28/2009,74.764
8/29/2009,74.8
8/30/2009,74.833
8/31/2009,74.787
9/1/2009,74.779
9/2/2009,74.772
9/3/2009,74.759
9/4/2009,74.754
9/5/2009,74.722
9/6/2009,74.704
9/7/2009,74.701
9/8/2009,74.699
9/9/2009,74.65
9/10/2009,74.664
9/11/2009,74.64
9/12/2009,74.634
9/13/2009,74.642
9/14/2009,74.648
9/15/2009,74.597
9/16/2009,74.547
9/17/2009,74.573
9/18/2009,74.571
9/19/2009,74.549
9/20/2009,74.53
9/21/2009,74.522
9/22/2009,74.544
9/23/2009,74.555
9/24/2009,74.53
9/25/2009,74.465
9/26/2009,74.516
9/27/2009,74.532
9/28/2009,74.577
9/29/2009,74.596
9/30/2009,74.541
10/1/2009,74.533
10/2/2009,74.507
10/3/2009,74.522
10/4/2009,74.523
10/5/2009,74.554
10/6/2009,74.511
10/7/2009,74.608
10/8/2009,74.547
10/9/2009,74.527
10/10/2009,74.526
10/11/2009,74.554
10/12/2009,74.495
10/13/2009,74.535
10/14/2009,74.583
10/15/2009,74.524
10/16/2009,74.453
10/17/2009,74.403
10/18/2009,74.404
10/19/2009,74.418
10/20/2009,74.433
10/21/2009,74.381
10/22/2009,74.396
10/23/2009,74.305
10/24/2009,74.447
10/25/2009,74.453
10/26/2009,74.365
10/27/2009,74.405
10/28/2009,74.354
10/29/2009,74.388
10/30/2009,74.398
10/31/2009,74.503
11/1/2009,74.431
11/2/2009,74.411
11/3/2009,74.442
11/4/2009,74.398
11/5/2009,74.418
11/6/2009,74.389
11/7/2009,74.418
11/8/2009,74.401
11/9/2009,74.404
11/10/2009,74.383
11/11/2009,74.338
11/12/2009,74.337
11/13/2009,74.329
11/14/2009,74.322
11/15/2009,74.359
11/16/2009,74.35
11/17/2009,74.303
11/18/2009,74.296
11/19/2009,74.31
11/20/2009,74.417
11/21/2009,74.356
11/22/2009,74.324
11/23/2009,74.309
11/24/2009,74.291
11/25/2009,74.32
11/26/2009,74.328
11/27/2009,74.337
11/28/2009,74.363
11/29/2009,74.327
11/30/2009,74.335
12/1/2009,74.364
12/2/2009,74.33
12/3/2009,74.387
12/4/2009,74.415
12/5/2009,74.355
12/6/2009,74.388
12/7/2009,74.356
12/8/2009,74.331
12/9/2009,74.337
12/10/2009,74.633
12/11/2009,74.548
12/12/2009,74.419
12/13/2009,74.402
12/14/2009,74.352
12/15/2009,74.38
12/16/2009,74.384
12/17/2009,74.331
12/18/2009,74.318
12/19/2009,74.278
12/20/2009,74.321
12/21/2009,74.32
12/22/2009,74.33
12/23/2009,74.334
12/24/2009,74.305
12/25/2009,74.239
12/26/2009,74.279
12/27/2009,74.355
12/28/2009,74.398
12/29/2009,74.363
12/30/2009,74.365
12/31/2009,74.38
1/1/2010,74.395
1/2/2010,74.382
1/3/2010,74.399
1/4/2010,74.377
1/5/2010,74.39
1/6/2010,74.397
1/7/2010,74.385
1/8/2010,74.365
1/9/2010,74.367
1/10/2010,74.408
1/11/2010,74.397
1/12/2010,74.369
1/13/2010,74.39
1/14/2010,74.386
1/15/2010,74.403
1/16/2010,74.407
1/17/2010,74.361
1/18/2010,74.383
1/19/2010,74.388
1/20/2010,74.38
1/21/2010,74.352
1/22/2010,74.324
1/23/2010,74.327
1/24/2010,74.345
1/25/2010,74.452
1/26/2010,74.527
1/27/2010,74.544
1/28/2010,74.537
1/29/2010,74.459
1/30/2010,74.451
1/31/2010,74.49
2/1/2010,74.476
2/2/2010,74.451
2/3/2010,74.464
2/4/2010,74.45
2/5/2010,74.436
2/6/2010,74.399
2/7/2010,74.445
2/8/2010,74.448
2/9/2010,74.412
2/10/2010,74.395
2/11/2010,74.428
2/12/2010,74.406
2/13/2010,74.412
2/14/2010,74.434
2/15/2010,74.398
2/16/2010,74.388
2/17/2010,74.401
2/18/2010,74.411
2/19/2010,74.414
2/20/2010,74.404
2/21/2010,74.375
2/22/2010,74.322
2/23/2010,74.348
2/24/2010,74.352
2/25/2010,74.369
2/26/2010,74.312
2/27/2010,74.355
2/28/2010,74.357
3/1/2010,74.37
3/2/2010,74.362
3/3/2010,74.337
3/4/2010,74.343
3/5/2010,74.335
3/6/2010,74.369
3/7/2010,74.386
3/8/2010,74.376
3/9/2010,74.342
3/10/2010,74.316
3/11/2010,74.299
3/12/2010,74.284
3/13/2010,74.265
3/14/2010,74.239
3/15/2010,74.326
3/16/2010,74.407
3/17/2010,74.438
3/18/2010,74.451
3/19/2010,74.453
3/20/2010,74.448
3/21/2010,74.423
3/22/2010,74.368
3/23/2010,74.373
3/24/2010,74.482
3/25/2010,74.488
3/26/2010,74.422
3/27/2010,74.455
3/28/2010,74.467
3/29/2010,74.477
3/30/2010,74.449
3/31/2010,74.474
4/1/2010,74.469
4/2/2010,74.483
4/3/2010,74.494
4/4/2010,74.509
4/5/2010,74.503
4/6/2010,74.491
4/7/2010,74.506
4/8/2010,74.489
4/9/2010,74.58
4/10/2010,74.578
4/11/2010,74.56
4/12/2010,74.536
4/13/2010,74.526
4/14/2010,74.536
4/15/2010,74.521
4/16/2010,74.532
4/17/2010,74.592
4/18/2010,74.548
4/19/2010,74.541
4/20/2010,74.541
4/21/2010,74.535
4/22/2010,74.533
4/23/2010,74.532
4/24/2010,74.52
4/25/2010,74.49
4/26/2010,74.502
4/27/2010,74.488
4/28/2010,74.537
4/29/2010,74.538
4/30/2010,74.51
5/1/2010,74.513
5/2/2010,74.52
5/3/2010,74.552
5/4/2010,74.555
5/5/2010,74.536
5/6/2010,74.589
5/7/2010,74.527
5/8/2010,74.602
5/9/2010,74.605
5/10/2010,74.594
5/11/2010,74.569
5/12/2010,74.56
5/13/2010,74.553
5/14/2010,74.6
5/15/2010,74.631
5/16/2010,74.614
5/17/2010,74.603
5/18/2010,74.605
5/19/2010,74.615
5/20/2010,74.621
5/21/2010,74.596
5/22/2010,74.595
5/23/2010,74.604
5/24/2010,74.61
5/25/2010,74.614
5/26/2010,74.624
5/27/2010,74.607
5/28/2010,74.594
5/29/2010,74.614
5/30/2010,74.606
5/31/2010,74.585
6/1/2010,74.628
6/2/2010,74.619
6/3/2010,74.636
6/4/2010,74.633
6/5/2010,74.657
6/6/2010,74.614
6/7/2010,74.676
6/8/2010,74.676
6/9/2010,74.662
6/10/2010,74.694
6/11/2010,74.682
6/12/2010,74.66
6/13/2010,74.69
6/14/2010,74.691
6/15/2010,74.688
6/16/2010,74.713
6/17/2010,74.738
6/18/2010,74.727
6/19/2010,74.734
6/20/2010,74.746
6/21/2010,74.744
6/22/2010,74.739
6/23/2010,74.771
6/24/2010,74.792
6/25/2010,74.791
6/26/2010,74.791
6/27/2010,74.781
6/28/2010,74.844
6/29/2010,74.874
6/30/2010,74.882
7/1/2010,74.858
7/2/2010,74.853
7/3/2010,74.852
7/4/2010,74.843
7/5/2010,74.832
7/6/2010,74.825
7/7/2010,74.822
7/8/2010,74.817
7/9/2010,74.828
7/10/2010,74.845
7/11/2010,74.837
7/12/2010,74.833
7/13/2010,74.833
7/14/2010,74.82
7/15/2010,74.822
7/16/2010,74.855
7/17/2010,74.869
7/18/2010,74.855
7/19/2010,74.849
7/20/2010,74.85
7/21/2010,74.861
7/22/2010,74.859
7/23/2010,74.871
7/24/2010,74.895
7/25/2010,74.895
7/26/2010,74.897
7/27/2010,74.902
7/28/2010,74.916
7/29/2010,74.897
7/30/2010,74.866
7/31/2010,74.843
8/1/2010,74.823
8/2/2010,74.84
8/3/2010,74.85
8/4/2010,74.848
8/5/2010,74.847
8/6/2010,74.833
8/7/2010,74.812
8/8/2010,74.839
8/9/2010,74.819
8/10/2010,74.815
8/11/2010,74.795
8/12/2010,74.761
8/13/2010,74.768
8/14/2010,74.772
8/15/2010,74.778
8/16/2010,74.802
8/17/2010,74.779
8/18/2010,74.737
8/19/2010,74.737
8/20/2010,74.702
8/21/2010,74.684
8/22/2010,74.685
8/23/2010,74.629
8/24/2010,74.679
8/25/2010,74.693
8/26/2010,74.707
8/27/2010,74.69
8/28/2010,74.694
8/29/2010,74.697
8/30/2010,74.692
8/31/2010,74.685
9/1/2010,74.677
9/2/2010,74.673
9/3/2010,74.674
9/4/2010,74.771
9/5/2010,74.744
9/6/2010,74.71
9/7/2010,74.688
9/8/2010,74.73
9/9/2010,74.679
9/10/2010,74.648
9/11/2010,74.615
9/12/2010,74.63
9/13/2010,74.605
9/14/2010,74.603
9/15/2010,74.565
9/16/2010,74.52
9/17/2010,74.537
9/18/2010,74.551
9/19/2010,74.537
9/20/2010,74.516
9/21/2010,74.528
9/22/2010,74.529
9/23/2010,74.467
9/24/2010,74.518
9/25/2010,74.558
9/26/2010,74.498
9/27/2010,74.459
9/28/2010,74.514
9/29/2010,74.534
9/30/2010,74.505
10/1/2010,74.513
10/2/2010,74.493
10/3/2010,74.434
10/4/2010,74.444
10/5/2010,74.457
10/6/2010,74.439
10/7/2010,74.52
10/8/2010,74.549
10/9/2010,74.487
10/10/2010,74.513
10/11/2010,74.481
10/12/2010,74.475
10/13/2010,74.485
10/14/2010,74.48
10/15/2010,74.484
10/16/2010,74.466
10/17/2010,74.499
10/18/2010,74.486
10/19/2010,74.492
10/20/2010,74.492
10/21/2010,74.488
10/22/2010,74.476
10/23/2010,74.427
10/24/2010,74.402
10/25/2010,74.433
10/26/2010,74.432
10/27/2010,74.466
10/28/2010,74.537
10/29/2010,74.476
10/30/2010,74.483
10/31/2010,74.418
11/1/2010,74.422
11/2/2010,74.406
11/3/2010,74.401
11/4/2010,74.394
11/5/2010,74.39
11/6/2010,74.38
11/7/2010,74.371
11/8/2010,74.356
11/9/2010,74.346
11/10/2010,74.295
11/11/2010,74.3
11/12/2010,74.321
11/13/2010,74.315
11/14/2010,74.329
11/15/2010,74.336
11/16/2010,74.29
11/17/2010,74.41
11/18/2010,74.371
11/19/2010,74.358
11/20/2010,74.409
11/21/2010,74.283
11/22/2010,74.372
11/23/2010,74.406
11/24/2010,74.349
11/25/2010,74.273
11/26/2010,74.431
11/27/2010,74.438
11/28/2010,74.356
11/29/2010,74.32
11/30/2010,74.33
12/1/2010,74.437
12/2/2010,74.449
12/3/2010,74.409
12/4/2010,74.396
12/5/2010,74.427
12/6/2010,74.423
12/7/2010,74.446
12/8/2010,74.407
12/9/2010,74.38
12/10/2010,74.405
12/11/2010,74.388
12/12/2010,74.34
12/13/2010,74.411
12/14/2010,74.413
12/15/2010,74.408
12/16/2010,74.398
12/17/2010,74.4
12/18/2010,74.432
12/19/2010,74.392
12/20/2010,74.381
12/21/2010,74.376
12/22/2010,74.378
12/23/2010,74.376
12/24/2010,74.363
12/25/2010,74.33
12/26/2010,74.283
12/27/2010,74.313
12/28/2010,74.369
12/29/2010,74.369
12/30/2010,74.358
12/31/2010,74.357
1/1/2011,74.357
1/2/2011,74.418
1/3/2011,74.388
1/4/2011,74.385
1/5/2011,74.387
1/6/2011,74.369
1/7/2011,74.387
1/8/2011,74.365
1/9/2011,74.407
1/10/2011,74.375
1/11/2011,74.317
1/12/2011,74.312
1/13/2011,74.359
1/14/2011,74.349
1/15/2011,74.401
1/16/2011,74.39
1/17/2011,74.335
1/18/2011,74.369
1/19/2011,74.322
1/20/2011,74.351
1/21/2011,74.381
1/22/2011,74.351
1/23/2011,74.334
1/24/2011,74.317
1/25/2011,74.351
1/26/2011,74.334
1/27/2011,74.342
1/28/2011,74.341
1/29/2011,74.338
1/30/2011,74.34
1/31/2011,74.306
2/1/2011,74.259
2/2/2011,74.251
2/3/2011,74.328
2/4/2011,74.336
2/5/2011,74.287
2/6/2011,74.317
2/7/2011,74.294
2/8/2011,74.317
2/9/2011,74.329
2/10/2011,74.312
2/11/2011,74.284
2/12/2011,74.298
2/13/2011,74.264
2/14/2011,74.286
2/15/2011,74.241
2/16/2011,74.244
2/17/2011,74.234
2/18/2011,74.279
2/19/2011,74.291
2/20/2011,74.247
2/21/2011,74.209
2/22/2011,74.231
2/23/2011,74.233
2/24/2011,74.24
2/25/2011,74.229
2/26/2011,74.233
2/27/2011,74.236
2/28/2011,74.275
3/1/2011,74.27
3/2/2011,74.313
3/3/2011,74.259
3/4/2011,74.265
3/5/2011,74.298
3/6/2011,74.302
3/7/2011,74.333
3/8/2011,74.322
3/9/2011,74.316
3/10/2011,74.383
3/11/2011,74.43
3/12/2011,74.478
3/13/2011,74.494
3/14/2011,74.492
3/15/2011,74.488
3/16/2011,74.528
3/17/2011,74.536
3/18/2011,74.587
3/19/2011,74.554
3/20/2011,74.536
3/21/2011,74.575
3/22/2011,74.574
3/23/2011,74.503
3/24/2011,74.57
3/25/2011,74.59
3/26/2011,74.596
3/27/2011,74.599
3/28/2011,74.617
3/29/2011,74.603
3/30/2011,74.583
3/31/2011,74.575
4/1/2011,74.597
4/2/2011,74.624
4/3/2011,74.608
4/4/2011,74.611
4/5/2011,74.678
4/6/2011,74.633
4/7/2011,74.627
4/8/2011,74.619
4/9/2011,74.621
4/10/2011,74.617
4/11/2011,74.666
4/12/2011,74.63
4/13/2011,74.628
4/14/2011,74.644
4/15/2011,74.573
4/16/2011,74.603
4/17/2011,74.786
4/18/2011,74.745
4/19/2011,74.688
4/20/2011,74.73
4/21/2011,74.785
4/22/2011,74.753
4/23/2011,74.802
4/24/2011,74.802
4/25/2011,74.793
4/26/2011,74.781
4/27/2011,74.822
4/28/2011,74.906
4/29/2011,74.907
4/30/2011,74.9
5/1/2011,74.883
5/2/2011,74.926
5/3/2011,74.921
5/4/2011,74.969
5/5/2011,74.995
5/6/2011,75.015
5/7/2011,75.018
5/8/2011,75.006
5/9/2011,74.999
5/10/2011,74.968
5/11/2011,74.963
5/12/2011,74.97
5/13/2011,74.985
5/14/2011,74.982
5/15/2011,74.916
5/16/2011,74.978
5/17/2011,75.006
5/18/2011,75.044
5/19/2011,75.097
5/20/2011,75.124
5/21/2011,75.128
5/22/2011,75.12
5/23/2011,75.146
5/24/2011,75.173
5/25/2011,75.132
5/26/2011,75.151
5/27/2011,75.145
5/28/2011,75.177
5/29/2011,75.188
5/30/2011,75.199
5/31/2011,75.199
6/1/2011,75.243
6/2/2011,75.259
6/3/2011,75.209
6/4/2011,75.207
6/5/2011,75.205
6/6/2011,75.194
6/7/2011,75.188
6/8/2011,75.189
6/9/2011,75.197
6/10/2011,75.165
6/11/2011,75.153
6/12/2011,75.201
6/13/2011,75.178
6/14/2011,75.132
6/15/2011,75.162
6/16/2011,75.146
6/17/2011,75.14
6/18/2011,75.142
6/19/2011,75.115
6/20/2011,75.101
6/21/2011,75.083
6/22/2011,75.059
6/23/2011,75.082
6/24/2011,75.106
6/25/2011,75.125
6/26/2011,75.111
6/27/2011,75.088
6/28/2011,75.092
6/29/2011,75.133
6/30/2011,75.113
7/1/2011,75.099
7/2/2011,75.082
7/3/2011,75.095
7/4/2011,75.086
7/5/2011,75.078
7/6/2011,75.078
7/7/2011,75.044
7/8/2011,75.029
7/9/2011,75.013
7/10/2011,75.009
7/11/2011,75.008
7/12/2011,75.027
7/13/2011,74.994
7/14/2011,74.979
7/15/2011,74.967
7/16/2011,74.958
7/17/2011,74.969
7/18/2011,74.961
7/19/2011,74.928
7/20/2011,74.935
7/21/2011,74.956
7/22/2011,74.936
7/23/2011,74.928
7/24/2011,74.875
7/25/2011,74.878
7/26/2011,74.916
7/27/2011,74.886
7/28/2011,74.868
7/29/2011,74.88
7/30/2011,74.876
7/31/2011,74.869
8/1/2011,74.884
8/2/2011,74.854
8/3/2011,74.828
8/4/2011,74.822
8/5/2011,74.815
8/6/2011,74.813
8/7/2011,74.805
8/8/2011,74.789
8/9/2011,74.779
8/10/2011,74.839
8/11/2011,74.836
8/12/2011,74.828
8/13/2011,74.816
8/14/2011,74.797
8/15/2011,74.774
8/16/2011,74.78
8/17/2011,74.769
8/18/2011,74.783
8/19/2011,74.773
8/20/2011,74.766
8/21/2011,74.774
8/22/2011,74.786
8/23/2011,74.774
8/24/2011,74.794
8/25/2011,74.808
8/26/2011,74.747
8/27/2011,74.74
8/28/2011,74.662
8/29/2011,74.704
8/30/2011,74.716
8/31/2011,74.688
9/1/2011,74.677
9/2/2011,74.689
9/3/2011,74.695
9/4/2011,74.696
9/5/2011,74.69
9/6/2011,74.643
9/7/2011,74.594
9/8/2011,74.595
9/9/2011,74.626
9/10/2011,74.598
9/11/2011,74.606
9/12/2011,74.623
9/13/2011,74.644
9/14/2011,74.623
9/15/2011,74.618
9/16/2011,74.597
9/17/2011,74.583
9/18/2011,74.552
9/19/2011,74.563
9/20/2011,74.585
9/21/2011,74.548
9/22/2011,74.562
9/23/2011,74.505
9/24/2011,74.549
9/25/2011,74.524
9/26/2011,74.5
9/27/2011,74.499
9/28/2011,74.514
9/29/2011,74.55
9/30/2011,74.557
10/1/2011,74.433
10/2/2011,74.417
10/3/2011,74.476
10/4/2011,74.5
10/5/2011,74.49
10/6/2011,74.489
10/7/2011,74.493
10/8/2011,74.493
10/9/2011,74.495
10/10/2011,74.495
10/11/2011,74.465
10/12/2011,74.451
10/13/2011,74.453
10/14/2011,74.498
10/15/2011,74.698
10/16/2011,74.632
10/17/2011,74.602
10/18/2011,74.561
10/19/2011,74.414
10/20/2011,74.483
10/21/2011,74.582
10/22/2011,74.549
10/23/2011,74.519
10/24/2011,74.544
10/25/2011,74.548
10/26/2011,74.477
10/27/2011,74.475
10/28/2011,74.501
10/29/2011,74.472
10/30/2011,74.491
10/31/2011,74.494
11/1/2011,74.484
11/2/2011,74.489
11/3/2011,74.482
11/4/2011,74.444
11/5/2011,74.437
11/6/2011,74.462
11/7/2011,74.474
11/8/2011,74.431
11/9/2011,74.424
11/10/2011,74.468
11/11/2011,74.452
11/12/2011,74.466
11/13/2011,74.439
11/14/2011,74.451
11/15/2011,74.429
11/16/2011,74.437
11/17/2011,74.435
11/18/2011,74.456
11/19/2011,74.445
11/20/2011,74.431
11/21/2011,74.35
11/22/2011,74.303
11/23/2011,74.301
11/24/2011,74.404
11/25/2011,74.422
11/26/2011,74.38
11/27/2011,74.386
11/28/2011,74.392
11/29/2011,74.311
11/30/2011,74.465
12/1/2011,74.41
12/2/2011,74.427
12/3/2011,74.414
12/4/2011,74.455
12/5/2011,74.434
12/6/2011,74.401
12/7/2011,74.428
12/8/2011,74.503
12/9/2011,74.495
12/10/2011,74.48
12/11/2011,74.486
12/12/2011,74.469
12/13/2011,74.44
12/14/2011,74.425
12/15/2011,74.522
12/16/2011,74.538
12/17/2011,74.436
12/18/2011,74.456
12/19/2011,74.541
12/20/2011,74.444
12/21/2011,74.481
12/22/2011,74.493
12/23/2011,74.475
12/24/2011,74.459
12/25/2011,74.539
12/26/2011,74.522
12/27/2011,74.527
12/28/2011,74.586
12/29/2011,74.513
12/30/2011,74.462
12/31/2011,74.524
1/1/2012,74.586
1/2/2012,74.683
1/3/2012,74.574
1/4/2012,74.603
1/5/2012,74.594
1/6/2012,74.598
1/7/2012,74.606
1/8/2012,74.586
1/9/2012,74.62
1/10/2012,74.614
1/11/2012,74.517
1/12/2012,74.533
1/13/2012,74.729
1/14/2012,74.631
1/15/2012,74.646
1/16/2012,74.694
1/17/2012,74.725
1/18/2012,74.74
1/19/2012,74.757
1/20/2012,74.72
1/21/2012,74.686
1/22/2012,74.694
1/23/2012,74.742
1/24/2012,74.837
1/25/2012,74.769
1/26/2012,74.724
1/27/2012,74.782
1/28/2012,74.867
1/29/2012,74.883
1/30/2012,74.833
1/31/2012,74.805
2/1/2012,74.872
2/2/2012,74.825
2/3/2012,74.87
2/4/2012,74.844
2/5/2012,74.868
2/6/2012,74.931
2/7/2012,74.854
2/8/2012,74.872
2/9/2012,74.902
2/10/2012,74.893
2/11/2012,74.782
2/12/2012,74.837
2/13/2012,74.916
2/14/2012,74.856
2/15/2012,74.839
2/16/2012,74.815
2/17/2012,74.866
2/18/2012,74.818
2/19/2012,74.816
2/20/2012,74.795
2/21/2012,74.799
2/22/2012,74.838
2/23/2012,74.813
2/24/2012,74.787
2/25/2012,74.904
2/26/2012,74.809
2/27/2012,74.83
2/28/2012,74.809
2/29/2012,74.717
3/1/2012,74.774
3/2/2012,74.763
3/3/2012,74.962
3/4/2012,74.826
3/5/2012,74.804
3/6/2012,74.774
3/7/2012,74.816
3/8/2012,74.853
3/9/2012,74.85
3/10/2012,74.805
3/11/2012,74.818
3/12/2012,74.778
3/13/2012,74.806
3/14/2012,74.797
3/15/2012,74.749
3/16/2012,74.781
3/17/2012,74.782
3/18/2012,74.799
3/19/2012,74.801
3/20/2012,74.797
3/21/2012,74.801
3/22/2012,74.807
3/23/2012,74.785
3/24/2012,74.747
3/25/2012,74.815
3/26/2012,74.789
3/27/2012,74.784
3/28/2012,74.83
3/29/2012,74.821
3/30/2012,74.788
3/31/2012,74.773
4/1/2012,74.8
4/2/2012,74.802
4/3/2012,74.791
4/4/2012,74.796
4/5/2012,74.776
4/6/2012,74.775
4/7/2012,74.786
4/8/2012,74.804
4/9/2012,74.853
4/10/2012,74.825
4/11/2012,74.782
4/12/2012,74.775
4/13/2012,74.781
4/14/2012,74.756
4/15/2012,74.744
4/16/2012,74.755
4/17/2012,74.781
4/18/2012,74.724
4/19/2012,74.722
4/20/2012,74.693
4/21/2012,74.7
4/22/2012,74.644
4/23/2012,74.642
4/24/2012,74.809
4/25/2012,74.771
4/26/2012,74.752
4/27/2012,74.753
4/28/2012,74.753
4/29/2012,74.749
4/30/2012,74.721
5/1/2012,74.752
5/2/2012,74.73
5/3/2012,74.745
5/4/2012,74.747
5/5/2012,74.722
5/6/2012,74.729
5/7/2012,74.726
5/8/2012,74.779
5/9/2012,74.789
5/10/2012,74.793
5/11/2012,74.802
5/12/2012,74.796
5/13/2012,74.789
5/14/2012,74.779
5/15/2012,74.778
5/16/2012,74.802
5/17/2012,74.79
5/18/2012,74.77
5/19/2012,74.767
5/20/2012,74.764
5/21/2012,74.758
5/22/2012,74.763
5/23/2012,74.751
5/24/2012,74.746
5/25/2012,74.767
5/26/2012,74.769
5/27/2012,74.735
5/28/2012,74.744
5/29/2012,74.775
5/30/2012,74.775
5/31/2012,74.755
6/1/2012,74.685
6/2/2012,74.776
6/3/2012,74.784
6/4/2012,74.719
6/5/2012,74.747
6/6/2012,74.755
6/7/2012,74.761
6/8/2012,74.779
6/9/2012,74.761
6/10/2012,74.758
6/11/2012,74.755
6/12/2012,74.798
6/13/2012,74.799
6/14/2012,74.762
6/15/2012,74.76
6/16/2012,74.763
6/17/2012,74.764
6/18/2012,74.776
6/19/2012,74.79
6/20/2012,74.779
6/21/2012,74.779
6/22/2012,74.777
6/23/2012,74.77
6/24/2012,74.768
6/25/2012,74.765
6/26/2012,74.757
6/27/2012,74.771
6/28/2012,74.757
6/29/2012,74.785
6/30/2012,74.772
7/1/2012,74.755
7/2/2012,74.749
7/3/2012,74.731
7/4/2012,74.743
7/5/2012,74.713
7/6/2012,74.72
7/7/2012,74.722
7/8/2012,74.704
7/9/2012,74.695
7/10/2012,74.7
7/11/2012,74.686
7/12/2012,74.677
7/13/2012,74.664
7/14/2012,74.663
7/15/2012,74.67
7/16/2012,74.676
7/17/2012,74.695
7/18/2012,74.657
7/19/2012,74.609
7/20/2012,74.592
7/21/2012,74.609
7/22/2012,74.622
7/23/2012,74.632
7/24/2012,74.605
7/25/2012,74.592
7/26/2012,74.611
7/27/2012,74.609
7/28/2012,74.585
7/29/2012,74.593
7/30/2012,74.588
7/31/2012,74.595
8/1/2012,74.605
8/2/2012,74.602
8/3/2012,74.591
8/4/2012,74.578
8/5/2012,74.647
8/6/2012,74.616
8/7/2012,74.599
8/8/2012,74.585
8/9/2012,74.545
8/10/2012,74.549
8/11/2012,74.582
8/12/2012,74.598
8/13/2012,74.582
8/14/2012,74.563
8/15/2012,74.57
8/16/2012,74.563
8/17/2012,74.595
8/18/2012,74.552
8/19/2012,74.542
8/20/2012,74.535
8/21/2012,74.519
8/22/2012,74.511
8/23/2012,74.508
8/24/2012,74.484
8/25/2012,74.466
8/26/2012,74.461
8/27/2012,74.475
8/28/2012,74.456
8/29/2012,74.442
8/30/2012,74.465
8/31/2012,74.471
9/1/2012,74.407
9/2/2012,74.405
9/3/2012,74.401
9/4/2012,74.4
9/5/2012,74.434
9/6/2012,74.442
9/7/2012,74.416
9/8/2012,74.477
9/9/2012,74.437
9/10/2012,74.411
9/11/2012,74.425
9/12/2012,74.428
9/13/2012,74.416
9/14/2012,74.419
9/15/2012,74.398
9/16/2012,74.379
9/17/2012,74.39
9/18/2012,74.418
9/19/2012,74.376
9/20/2012,74.38
9/21/2012,74.378
9/22/2012,74.386
9/23/2012,74.381
9/24/2012,74.396
9/25/2012,74.399
9/26/2012,74.368
9/27/2012,74.297
9/28/2012,74.286
9/29/2012,74.273
9/30/2012,74.264
10/1/2012,74.307
10/2/2012,74.258
10/3/2012,74.247
10/4/2012,74.265
10/5/2012,74.277
10/6/2012,74.311
10/7/2012,74.263
10/8/2012,74.263
10/9/2012,74.261
10/10/2012,74.319
10/11/2012,74.294
10/12/2012,74.228
10/13/2012,74.21
10/14/2012,74.248
10/15/2012,74.309
10/16/2012,74.228
10/17/2012,74.194
10/18/2012,74.194
10/19/2012,74.176
10/20/2012,74.225
10/21/2012,74.25
10/22/2012,74.208
10/23/2012,74.154
10/24/2012,74.151
10/25/2012,74.165
10/26/2012,74.194
10/27/2012,74.156
10/28/2012,74.13
10/29/2012,74.055
10/30/2012,74.062
10/31/2012,74.178
11/1/2012,74.237
11/2/2012,74.218
11/3/2012,74.202
11/4/2012,74.19
11/5/2012,74.178
11/6/2012,74.163
11/7/2012,74.127
11/8/2012,74.143
11/9/2012,74.175
11/10/2012,74.132
11/11/2012,74.185
11/12/2012,74.224
11/13/2012,74.219
11/14/2012,74.172
11/15/2012,74.157
11/16/2012,74.167
11/17/2012,74.154
11/18/2012,74.139
11/19/2012,74.15
11/20/2012,74.143
11/21/2012,74.149
11/22/2012,74.161
11/23/2012,74.213
11/24/2012,74.237
11/25/2012,74.161
11/26/2012,74.157
11/27/2012,74.14
11/28/2012,74.162
11/29/2012,74.146
11/30/2012,74.018
12/1/2012,74.033
12/2/2012,74.149
12/3/2012,74.101
12/4/2012,74.133
12/5/2012,74.14
12/6/2012,74.096
12/7/2012,74.141
12/8/2012,74.123
12/9/2012,74.061
12/10/2012,74.155
12/11/2012,74.127
12/12/2012,74.164
12/13/2012,74.156
12/14/2012,74.168
12/15/2012,74.056
12/16/2012,74.082
12/17/2012,74.14
12/18/2012,74.145
12/19/2012,74.163
12/20/2012,74.105
12/21/2012,74.199
12/22/2012,74.279
12/23/2012,74.229
12/24/2012,74.178
12/25/2012,74.155
12/26/2012,74.088
12/27/2012,74.11
12/28/2012,74.2
12/29/2012,74.172
12/30/2012,74.231
12/31/2012,74.278
1/1/2013,74.229
1/2/2013,74.194
1/3/2013,74.215
1/4/2013,74.363
1/5/2013,74.25
1/6/2013,74.264
1/7/2013,74.216
1/8/2013,74.257
1/9/2013,74.272
1/10/2013,74.234
1/11/2013,74.21
1/12/2013,74.241
1/13/2013,74.246
1/14/2013,74.308
1/15/2013,74.281
1/16/2013,74.3
1/17/2013,74.289
1/18/2013,74.302
1/19/2013,74.336
1/20/2013,74.435
1/21/2013,74.277
1/22/2013,74.319
1/23/2013,74.275
1/24/2013,74.3
1/25/2013,74.282
1/26/2013,74.295
1/27/2013,74.281
1/28/2013,74.279
1/29/2013,74.277
1/30/2013,74.342
1/31/2013,74.512
2/1/2013,74.4
2/2/2013,74.381
2/3/2013,74.374
2/4/2013,74.376
2/5/2013,74.361
2/6/2013,74.396
2/7/2013,74.303
2/8/2013,74.293
2/9/2013,74.387
2/10/2013,74.36
2/11/2013,74.41
2/12/2013,74.451
2/13/2013,74.402
2/14/2013,74.392
2/15/2013,74.435
2/16/2013,74.382
2/17/2013,74.395
2/18/2013,74.369
2/19/2013,74.407
2/20/2013,74.459
2/21/2013,74.416
2/22/2013,74.362
2/23/2013,74.383
2/24/2013,74.398
2/25/2013,74.39
2/26/2013,74.341
2/27/2013,74.346
2/28/2013,74.416
3/1/2013,74.421
3/2/2013,74.418
3/3/2013,74.43
3/4/2013,74.448
3/5/2013,74.413
3/6/2013,74.381
3/7/2013,74.392
3/8/2013,74.402
3/9/2013,74.4
3/10/2013,74.396
3/11/2013,74.402
3/12/2013,74.453
3/13/2013,74.486
3/14/2013,74.497
3/15/2013,74.492
3/16/2013,74.443
3/17/2013,74.459
3/18/2013,74.393
3/19/2013,74.492
3/20/2013,74.526
3/21/2013,74.512
3/22/2013,74.506
3/23/2013,74.499
3/24/2013,74.46
3/25/2013,74.422
3/26/2013,74.452
3/27/2013,74.477
3/28/2013,74.481
3/29/2013,74.479
3/30/2013,74.476
3/31/2013,74.472
4/1/2013,74.557
4/2/2013,74.552
4/3/2013,74.535
4/4/2013,74.497
4/5/2013,74.498
4/6/2013,74.46
4/7/2013,74.512
4/8/2013,74.466
4/9/2013,74.505
4/10/2013,74.506
4/11/2013,74.46
4/12/2013,74.458
4/13/2013,74.612
4/14/2013,74.619
4/15/2013,74.577
4/16/2013,74.648
4/17/2013,74.625
4/18/2013,74.628
4/19/2013,74.694
4/20/2013,74.755
4/21/2013,74.658
4/22/2013,74.642
4/23/2013,74.645
4/24/2013,74.697
4/25/2013,74.703
4/26/2013,74.698
4/27/2013,74.676
4/28/2013,74.676
4/29/2013,74.689
4/30/2013,74.696
5/1/2013,74.694
5/2/2013,74.7
5/3/2013,74.698
5/4/2013,74.703
5/5/2013,74.705
5/6/2013,74.708
5/7/2013,74.708
5/8/2013,74.7
5/9/2013,74.713
5/10/2013,74.701
5/11/2013,74.761
5/12/2013,74.832
5/13/2013,74.839
5/14/2013,74.753
5/15/2013,74.754
5/16/2013,74.774
5/17/2013,74.759
5/18/2013,74.736
5/19/2013,74.725
5/20/2013,74.737
5/21/2013,74.729
5/22/2013,74.74
5/23/2013,74.758
5/24/2013,74.751
5/25/2013,74.756
5/26/2013,74.784
5/27/2013,74.787
5/28/2013,74.764
5/29/2013,74.816
5/30/2013,74.816
5/31/2013,74.823
6/1/2013,74.831
6/2/2013,74.88
6/3/2013,74.917
6/4/2013,74.906
6/5/2013,74.868
6/6/2013,74.837
6/7/2013,74.891
6/8/2013,74.914
6/9/2013,74.922
6/10/2013,74.881
6/11/2013,74.956
6/12/2013,74.968
6/13/2013,74.957
6/14/2013,74.998
6/15/2013,75.007
6/16/2013,75.012
6/17/2013,75.016
6/18/2013,75.008
6/19/2013,75.006
6/20/2013,75.012
6/21/2013,75.01
6/22/2013,75.002
6/23/2013,75.006
6/24/2013,75.014
6/25/2013,75.015
6/26/2013,75.02
6/27/2013,75.004
6/28/2013,74.985
6/29/2013,75.011
6/30/2013,74.997
7/1/2013,74.949
7/2/2013,74.948
7/3/2013,74.978
7/4/2013,74.991
7/5/2013,74.997
7/6/2013,75.004
7/7/2013,75.007
7/8/2013,75.001
7/9/2013,74.996
7/10/2013,75.029
7/11/2013,75.024
7/12/2013,74.988
7/13/2013,74.985
7/14/2013,74.988
7/15/2013,74.993
7/16/2013,74.987
7/17/2013,74.99
7/18/2013,74.988
7/19/2013,75.029
7/20/2013,75.064
7/21/2013,74.994
7/22/2013,74.977
7/23/2013,75.006
7/24/2013,74.98
7/25/2013,74.946
7/26/2013,74.934
7/27/2013,74.929
7/28/2013,74.958
7/29/2013,74.956
7/30/2013,74.945
7/31/2013,74.923
8/1/2013,74.954
8/2/2013,74.961
8/3/2013,74.967
8/4/2013,74.943
8/5/2013,74.927
8/6/2013,74.917
8/7/2013,74.922
8/8/2013,74.912
8/9/2013,74.908
8/10/2013,74.906
8/11/2013,74.896
8/12/2013,74.886
8/13/2013,74.912
8/14/2013,74.89
8/15/2013,74.903
8/16/2013,74.882
8/17/2013,74.85
8/18/2013,74.832
8/19/2013,74.834
8/20/2013,74.826
8/21/2013,74.815
8/22/2013,74.81
8/23/2013,74.769
8/24/2013,74.765
8/25/2013,74.77
8/26/2013,74.789
8/27/2013,74.773
8/28/2013,74.755
8/29/2013,74.744
8/30/2013,74.753
8/31/2013,74.737
9/1/2013,74.719
9/2/2013,74.74
9/3/2013,74.762
9/4/2013,74.755
9/5/2013,74.722
9/6/2013,74.738
9/7/2013,74.744
9/8/2013,74.669
9/9/2013,74.679
9/10/2013,74.702
9/11/2013,74.696
9/12/2013,74.703
9/13/2013,74.638
9/14/2013,74.659
9/15/2013,74.667
9/16/2013,74.606
9/17/2013,74.598
9/18/2013,74.599
9/19/2013,74.591
9/20/2013,74.582
9/21/2013,74.628
9/22/2013,74.616
9/23/2013,74.581
9/24/2013,74.583
9/25/2013,74.575
9/26/2013,74.547
9/27/2013,74.53
9/28/2013,74.528
9/29/2013,74.534
9/30/2013,74.529
10/1/2013,74.533
10/2/2013,74.548
10/3/2013,74.511
10/4/2013,74.478
10/5/2013,74.468
10/6/2013,74.46
10/7/2013,74.593
10/8/2013,74.52
10/9/2013,74.505
10/10/2013,74.497
10/11/2013,74.49
10/12/2013,74.485
10/13/2013,74.501
10/14/2013,74.51
10/15/2013,74.476
10/16/2013,74.522
10/17/2013,74.507
10/18/2013,74.553
10/19/2013,74.545
10/20/2013,74.557
10/21/2013,74.544
10/22/2013,74.58
10/23/2013,74.52
10/24/2013,74.536
10/25/2013,74.519
10/26/2013,74.62
10/27/2013,74.538
10/28/2013,74.489
10/29/2013,74.459
10/30/2013,74.453
10/31/2013,74.493
11/1/2013,74.653
11/2/2013,74.485
11/3/2013,74.452
11/4/2013,74.447
11/5/2013,74.497
11/6/2013,74.51
11/7/2013,74.53
11/8/2013,74.506
11/9/2013,74.477
11/10/2013,74.558
11/11/2013,74.518
11/12/2013,74.472
11/13/2013,74.518
11/14/2013,74.558
11/15/2013,74.495
11/16/2013,74.438
11/17/2013,74.442
11/18/2013,74.625
11/19/2013,74.465
11/20/2013,74.413
11/21/2013,74.439
11/22/2013,74.457
11/23/2013,74.469
11/24/2013,74.415
11/25/2013,74.447
11/26/2013,74.434
11/27/2013,74.424
11/28/2013,74.412
11/29/2013,74.382
11/30/2013,74.396
12/1/2013,74.397
12/2/2013,74.378
12/3/2013,74.373
12/4/2013,74.324
12/5/2013,74.396
12/6/2013,74.4
12/7/2013,74.393
12/8/2013,74.352
12/9/2013,74.424
12/10/2013,74.424
12/11/2013,74.447
12/12/2013,74.393
12/13/2013,74.336
12/14/2013,74.222
12/15/2013,74.308
12/16/2013,74.331
12/17/2013,74.304
12/18/2013,74.37
12/19/2013,74.384
12/20/2013,74.325
12/21/2013,74.317
12/22/2013,74.296
12/23/2013,74.423
12/24/2013,74.418
12/25/2013,74.422
12/26/2013,74.479
12/27/2013,74.481
12/28/2013,74.498
12/29/2013,74.487
12/30/2013,74.5
12/31/2013,74.504
1/1/2014,74.45
1/2/2014,74.323
1/3/2014,74.429
1/4/2014,74.511
1/5/2014,74.454
1/6/2014,74.579
1/7/2014,74.644
1/8/2014,74.545
1/9/2014,74.502
1/10/2014,74.492
1/11/2014,74.499
1/12/2014,74.552
1/13/2014,74.512
1/14/2014,74.526
1/15/2014,74.535
1/16/2014,74.518
1/17/2014,74.537
1/18/2014,74.57
1/19/2014,74.607
1/20/2014,74.545
1/21/2014,74.521
1/22/2014,74.528
1/23/2014,74.532
1/24/2014,74.565
1/25/2014,74.578
1/26/2014,74.525
1/27/2014,74.566
1/28/2014,74.569
1/29/2014,74.569
1/30/2014,74.512
1/31/2014,74.515
2/1/2014,74.474
2/2/2014,74.506
2/3/2014,74.492
2/4/2014,74.479
2/5/2014,74.447
2/6/2014,74.496
2/7/2014,74.532
2/8/2014,74.505
2/9/2014,74.474
2/10/2014,74.481
2/11/2014,74.471
2/12/2014,74.443
2/13/2014,74.429
2/14/2014,74.464
2/15/2014,74.451
2/16/2014,74.447
2/17/2014,74.408
2/18/2014,74.41
2/19/2014,74.419
2/20/2014,74.395
2/21/2014,74.412
2/22/2014,74.46
2/23/2014,74.458
2/24/2014,74.471
2/25/2014,74.455
2/26/2014,74.471
2/27/2014,74.475
2/28/2014,74.427
3/1/2014,74.425
3/2/2014,74.434
3/3/2014,74.428
3/4/2014,74.413
3/5/2014,74.398
3/6/2014,74.374
3/7/2014,74.381
3/8/2014,74.39
3/9/2014,74.395
3/10/2014,74.377
3/11/2014,74.385
3/12/2014,74.321
3/13/2014,74.394
3/14/2014,74.378
3/15/2014,74.426
3/16/2014,74.393
3/17/2014,74.36
3/18/2014,74.344
3/19/2014,74.349
3/20/2014,74.44
3/21/2014,74.415
3/22/2014,74.403
3/23/2014,74.403
3/24/2014,74.404
3/25/2014,74.397
3/26/2014,74.42
3/27/2014,74.376
3/28/2014,74.403
3/29/2014,74.356
3/30/2014,74.365
3/31/2014,74.398
4/1/2014,74.391
4/2/2014,74.456
4/3/2014,74.437
4/4/2014,74.418
4/5/2014,74.577
4/6/2014,74.52
4/7/2014,74.495
4/8/2014,74.581
4/9/2014,74.616
4/10/2014,74.646
4/11/2014,74.651
4/12/2014,74.65
4/13/2014,74.665
4/14/2014,74.722
4/15/2014,74.787
4/16/2014,74.768
4/17/2014,74.767
4/18/2014,74.802
4/19/2014,74.813
4/20/2014,74.792
4/21/2014,74.805
4/22/2014,74.835
4/23/2014,74.845
4/24/2014,74.838
4/25/2014,74.796
4/26/2014,74.857
4/27/2014,74.842
4/28/2014,74.815
4/29/2014,74.779
4/30/2014,74.828
5/1/2014,74.912
5/2/2014,74.949
5/3/2014,74.935
5/4/2014,74.988
5/5/2014,74.955
5/6/2014,74.938
5/7/2014,74.926
5/8/2014,74.909
5/9/2014,74.922
5/10/2014,74.968
5/11/2014,74.956
5/12/2014,74.927
5/13/2014,74.904
5/14/2014,74.948
5/15/2014,74.959
5/16/2014,75.016
5/17/2014,75.036
5/18/2014,75.023
5/19/2014,75.027
5/20/2014,75.032
5/21/2014,75.014
5/22/2014,75.03
5/23/2014,75.039
5/24/2014,75.035
5/25/2014,75.038
5/26/2014,75.046
5/27/2014,75.039
5/28/2014,74.98
5/29/2014,74.998
5/30/2014,75.013
5/31/2014,74.997
6/1/2014,74.991
6/2/2014,74.997
6/3/2014,75.013
6/4/2014,75.032
6/5/2014,75.017
6/6/2014,75.012
6/7/2014,75.011
6/8/2014,74.984
6/9/2014,74.976
6/10/2014,74.958
6/11/2014,74.952
6/12/2014,74.997
6/13/2014,75.018
6/14/2014,75.045
6/15/2014,75.014
6/16/2014,74.988
6/17/2014,75.005
6/18/2014,75.03
6/19/2014,75.01
6/20/2014,75
6/21/2014,75
6/22/2014,74.99
6/23/2014,74.967
6/24/2014,74.987
6/25/2014,74.986
6/26/2014,74.987
6/27/2014,74.976
6/28/2014,74.96
6/29/2014,74.964
6/30/2014,74.967
7/1/2014,74.975
7/2/2014,74.968
7/3/2014,74.951
7/4/2014,74.952
7/5/2014,74.964
7/6/2014,74.965
7/7/2014,74.975
7/8/2014,74.969
7/9/2014,75.002
7/10/2014,74.964
7/11/2014,74.947
7/12/2014,74.933
7/13/2014,74.958
7/14/2014,74.927
7/15/2014,74.926
7/16/2014,74.946
7/17/2014,74.932
7/18/2014,74.922
7/19/2014,74.894
7/20/2014,74.894
7/21/2014,74.891
7/22/2014,74.882
7/23/2014,74.892
7/24/2014,74.855
7/25/2014,74.861
7/26/2014,74.858
7/27/2014,74.852
7/28/2014,74.827
7/29/2014,74.853
7/30/2014,74.856
7/31/2014,74.869
8/1/2014,74.852
8/2/2014,74.842
8/3/2014,74.84
8/4/2014,74.847
8/5/2014,74.85
8/6/2014,74.842
8/7/2014,74.829
8/8/2014,74.825
8/9/2014,74.817
8/10/2014,74.8
8/11/2014,74.778
8/12/2014,74.805
8/13/2014,74.87
8/14/2014,74.833
8/15/2014,74.824
8/16/2014,74.871
8/17/2014,74.83
8/18/2014,74.799
8/19/2014,74.77
8/20/2014,74.761
8/21/2014,74.766
8/22/2014,74.748
8/23/2014,74.734
8/24/2014,74.736
8/25/2014,74.734
8/26/2014,74.743
8/27/2014,74.752
8/28/2014,74.723
8/29/2014,74.703
8/30/2014,74.716
8/31/2014,74.738
9/1/2014,74.695
9/2/2014,74.706
9/3/2014,74.706
9/4/2014,74.695
9/5/2014,74.697
9/6/2014,74.709
9/7/2014,74.68
9/8/2014,74.659
9/9/2014,74.662
9/10/2014,74.648
9/11/2014,74.726
9/12/2014,74.624
9/13/2014,74.628
9/14/2014,74.607
9/15/2014,74.618
9/16/2014,74.617
9/17/2014,74.606
9/18/2014,74.553
9/19/2014,74.532
9/20/2014,74.602
9/21/2014,74.596
9/22/2014,74.57
9/23/2014,74.557
9/24/2014,74.535
9/25/2014,74.535
9/26/2014,74.528
9/27/2014,74.521
9/28/2014,74.515
9/29/2014,74.504
9/30/2014,74.446
10/1/2014,74.441
10/2/2014,74.446
10/3/2014,74.454
10/4/2014,74.53
10/5/2014,74.514
10/6/2014,74.476
10/7/2014,74.485
10/8/2014,74.555
10/9/2014,74.532
10/10/2014,74.478
10/11/2014,74.463
10/12/2014,74.434
10/13/2014,74.424
10/14/2014,74.422
10/15/2014,74.41
10/16/2014,74.419
10/17/2014,74.446
10/18/2014,74.442
10/19/2014,74.409
10/20/2014,74.406
10/21/2014,74.365
10/22/2014,74.33
10/23/2014,74.331
10/24/2014,74.394
10/25/2014,74.4
10/26/2014,74.419
10/27/2014,74.371
10/28/2014,74.38
10/29/2014,74.416
10/30/2014,74.381
10/31/2014,74.32
11/1/2014,74.296
11/2/2014,74.321
11/3/2014,74.342
11/4/2014,74.344
11/5/2014,74.394
11/6/2014,74.316
11/7/2014,74.32
11/8/2014,74.341
11/9/2014,74.359
11/10/2014,74.321
11/11/2014,74.323
11/12/2014,74.401
11/13/2014,74.341
11/14/2014,74.324
11/15/2014,74.325
11/16/2014,74.316
11/17/2014,74.31
11/18/2014,74.54
11/19/2014,74.387
11/20/2014,74.411
11/21/2014,74.306
11/22/2014,74.342
11/23/2014,74.287
11/24/2014,74.336
11/25/2014,74.395
11/26/2014,74.269
11/27/2014,74.276
11/28/2014,74.3
11/29/2014,74.293
11/30/2014,74.354
12/1/2014,74.329
12/2/2014,74.209
12/3/2014,74.361
12/4/2014,74.302
12/5/2014,74.272
12/6/2014,74.27
12/7/2014,74.226
12/8/2014,74.237
12/9/2014,74.251
12/10/2014,74.222
12/11/2014,74.271
12/12/2014,74.292
12/13/2014,74.3
12/14/2014,74.302
12/15/2014,74.289
12/16/2014,74.263
12/17/2014,74.359
12/18/2014,74.346
12/19/2014,74.319
12/20/2014,74.306
12/21/2014,74.305
12/22/2014,74.273
12/23/2014,74.282
12/24/2014,74.313
12/25/2014,74.474
12/26/2014,74.378
12/27/2014,74.367
12/28/2014,74.403
12/29/2014,74.368
12/30/2014,74.36
12/31/2014,74.415
